﻿Comment,LABEL1,LABEL2
wowy brother gửi đến anh_minh nhựa 7g sáng rồi anh phạm_trần_nhật_minh dậy mình đi cà_phê tới chiều mình về happy birthday anh đây là 1 mv mà anh minh không biết là làm gì hết anh chỉ biết wowy kêu lên chỗ này chỗ kia quay cho em cái này giúp vì anh quay hỗ_trợ mv cho em nên em tặng anh đôi giày mới để mang hợp cảnh lên tới nơi quay thì anh cứ ngồi trong cái nhà gỗ đó nha chừng nào em kêu anh minh thì a ra gặp e là được rồi anh núp sau cánh cửa nha chừng nào em kêu anh minh anh mở_cửa cho em là được câu_chuyện của dưới cái nhìn cá_nhân của em về anh_em không biết anh cảm_nhận thế_nào nhưng đây là những cảm_nhận gần_gũi mà em có được khi chúng_ta đi cùng nhau cà_phê em gửi tặng anh trọn_gói tác_phẩm nghệ_thuật của em kỉ_nguyên vàng the_golden_age bài nhạc mv và artwork nón vàng wowy_món quà đặc_biệt này sẽ tăng_giá theo thời_gian vì chúng_ta đã có với nhau những kỉ_niệm vô_giá giờ thì dậy coi mv brother của em lần đầu_tiên trong ngày sinh_nhật rồi mình lại đi cà_phê tới chiều mình về há há cảm_ơn toàn_bộ ekip đã giữ bí_mật sâu_sắc tới phát quạu cùng wowy chúng_ta đã mém có 1 pha rối_ren vì cố giữ thông_tin mật nhưng cuối_cùng mv đã hoàn_thành xuất_sắc với cú máy quay 1 shot đặc_biệt này wowy_nguyễn_cảm_ơn tất_cả mọi người đã tham_gia và hỗ_trợ wowy cho project w m này nha còn giờ thì anh minh dậy đi coi mv bài mới của em sáng sớm nè wowy minhnhua brother,CLEAN,CLEAN
em không biết tình anh_em của anh và em sẽ đi được bao_xa nhưng hiện_tại nó rất đẹp và dễ_thương e sẽ lưu_giữ những khoảng khắc tuyệt đẹp này làm kỉ_niệm wowy,CLEAN,CLEAN
mỗi lần buồn tôi lại mở bài này nghe cười như được mùa cám_ơn wowy với bài rap nịnh chất_lượng,HATE,HATE
lâu lắm rồi mới nghe một bài rap nịnh đẳng_cấp như_vậy cảm_ơn anh wowy nhiều nhé,CLEAN,CLEAN
bài hát thực_sự rất cảm_xúc cho_dù đã ra được gần 1 năm rồi nhưng mỗi khi buồn tôi lại bật nó lên nó đã giúp tôi cười 1 trận sảng_khoái +1 respect a wy,CLEAN,CLEAN
mỗi lần mệt_mỏi đều mở ra nghe cảm_thấy thư_giãn và có thêm động_lực cảm_ơn anh wowy vì bài rap nịnh,CLEAN,CLEAN
bài này có_lẽ là bài mà mình thích nhất của anh wowy đơn_giản chân_thành ám_ảnh hình_ảnh con xe chạy trong làn mưa mưa bên ngoài và mưa ở trong lòng người nghèo có cái lo của người nghèo thì kẻ giàu cũng có nỗi khổ của kẻ giàu đích đến cuối_cùng cũng chỉ là giấc_ngủ bình_yên thanh_thản mỗi đêm mà thôi rất xúc_động và tôn_trọng tình_cảm của anh wy,CLEAN,CLEAN
quào một món quà ý_nghĩa,CLEAN,CLEAN
mặc_dù ko còn cháy như xưa nhưng tôn_trọng và nể những điều a làm cho rap cách a trân_trọng chân_thành đối_với mọi người và cho rap,CLEAN,CLEAN
bài hát thật nhẹ_nhàng đời thực mỗi khi căng_thẳng vì công_việc mà được nghe mình lại thấy như tâm_hồn được xoa_dịu,CLEAN,CLEAN
mình thích nhạc của anh wowy vì nhạc của anh đem lại cảm_giác bình_yên thong_thả và sảng_khoái không nhiều đoạn cao_trào không day_dứt hay ám_ảnh anh wowy và anh đen là 2 người đem lại cho mình cảm_giác này rất ngưỡng_mộ và trân_trọng,CLEAN,CLEAN
anh thực_sự đã đi tiên_phong trong việc sáng_tạo ra dòng nhạc mới rap bợ_đít respect,HATE,HATE
một bài rap nịnh xứng_đáng được replay nhiều lần khi nghe bài rap này tôi rất có cảm_hứng để nịnh sếp nịnh cilent đúng là cuộc_sống không có gì dễ,CLEAN,OFFENSIVE
sáng làm ly cà_phê lại nghe,CLEAN,CLEAN
mình nghe nhạc của anh wowy này củng được 10 năm rồi nhưng ít khi cmt lắm mình thích kiểu rap của ổng nhẹ_nhàng và sâu_lắng dễ nghe dễ hiểu chúc anh wowy và mọi người có sức_khoẻ và thành_công,CLEAN,CLEAN
nhạc của wy cứ mộc_mạc và nhẹ_nhàng đi lòng người nghe tưởng không thấm mà thấm không_tưởng rất tuyệt_vời wy cám_ơn em đã cho anh và mọi người nghe những tác_phẩm tuyệt_vời,CLEAN,CLEAN
nghe mãi không chán cám_ơn anh wy bài rap nịnh rất chất_lượng yêu nhạc của_anh,CLEAN,CLEAN
hay quá nhạc_wowy chậm_rãi nhưng nó đủ thú_vị và thấm sâu vào lòng người các bài khác nghe lần đầu chỉ cảm được 30 40 nhưng của wowy thì hay trọn_vẹn ngay lần đầu_tiên wowy không_chỉ là rapper mà_còn là 1 người kể chuyện tài_tình,CLEAN,CLEAN
bài hát_nói lên sự_cố gắng của minh_nhựa từ lúc ở nhà thuê đến lúc có cuộc_sống mà nhiều người mê wowy take it easy cuộc_sống không có gì dễ phải cố_gắng thật nhiều mà xe a không có chổ để … nhạc của wowy k dành cho những người không_muốn trưởng_thành … respect anh wowy,CLEAN,CLEAN
sau mỗi sự thành_công là những câu_chuyện vươn lên được đó là nghị_lực và tài_năng mong a luôn khoẻ để đưa thương_hiệu việt mình được đi xa yêu a nhất câu tôi là người việt_nam,CLEAN,CLEAN
trước khi có bài rap này e vẫn luôn biết anh minh có rất đầy tâm_trạng nặng_gánh đôi vai mọi người chỉ nhìn đc vào vẻ hào_nhoáng của anh chứ_lại không hiểu đc anh đang áp_lực như_thế_nào cám_ơn anh wy có_thể nói lên hết đc tâm_tư của a để mọi người cảm_nhận đc anh minh sâu_sắc hơn_nữa tình_cảm anh_em anh dành cho nhau thật_sự sâu đậmmmm như ly cf thả timmm,CLEAN,CLEAN
riêng mình thấy các tác_phẩm của ww ca_từ có chiều sâu và ý_nghĩa làm ng khác phải suy_nghĩ chiêm_nghiệm từ những bài đời_đầu ngta nhắc đến hai thế_giới kiểu thế_giới này là của anh và anh có quyền đi với em là đoạn lyric của ww ca_từ của a có chiều sâu và tạo dấu_ấn rất mạnh_mẽ lyric người khác nghe có_vẻ ảo nhưng nghe xong chẳng ai nhớ những người đọc sách nhiều chắc ai cũng có_thể hiểu đc nhiều tầng ý_nghĩa a gửi_gắm vào bài rap còn lăng_kính hạn_hẹp thì chả thể hiểu nổi mấy đứa k cảm được thì gáy to và rõ lắm kệ tụi nó đi a v,CLEAN,CLEAN
1 bài hát mang nhiều hàm_ý trong cuộc_sống quá tuyệt a ạ cười tươi chết trong phòng stress sẵm xe khác với ngta lái k thể quay đầu,CLEAN,CLEAN
hôm_nay tôi bị mất_cắp một chiếc xe_đạp chiếc xe đầu_tiên đã gắn_bó với tôi suốt 7 năm thời học_sinh cảm_ơn wowy đã truyền_tải năng_lượng tích_cực bài hát đã giúp tôi bớt buồn hơn,CLEAN,CLEAN
em không biết tình anh_em của anh và em sẽ đi được bao_xa nhưng hiện_tại nó rất đẹp và dễ_thương e sẽ lưu_giữ những khoảng khắc tuyệt đẹp này làm kỉ_niệm wowy_brother official_mv_brother brother brother wowy tới để gặp anh minh_tìm một ly cà_phê xe anh để trước nhà_nhà nhỏ mà xe to anh luôn sống như_vầy sao ảnh nói wy đừng có lo anh mới mua một căn kế bên để cho chiếc xe mà anh mới có anh_minh mời wy zô thăm nhà nà từ_từ cho nó thong_thả giới_thiệu wy khắp các phòng và kể về những nỗi_lòng rằng anh đã sống ra sao trước anh ở nhà thuê giờ anh mới mua được nhà có cuộc_sống mà nhiều người mê nói thiệt hay anh giỡn chơi yeah anh nói thiệt anh theo đạo không nói xạo lâu_lâu anh nhây em đừng có quạo wowy take it eazy cuộc_sống không có gì dễ anh phải cố_gắng rất nhiều mà xe của anh không có chỗ để ey thôi đi theo anh ra ngoài kia mình đi cà_phê lên trên con xe bật nhạc mình nghe tới chiều mình zề nhấn lên chân ga trên cao_tốc anh chạy thật nhanh về hướng long_thành trên con mercedes màu xanh mercedes màu xanh trong cơn mưa lướt đi thật nhanh mercedes màu xanh không biết khi nào trời tạnh mercedes màu xanh đi về hướng long_thành mercedes màu xanh bên trong mercedes màu xanh điều mà anh làm được đẩy vốn công_ty lên vài chục ngàn tỉ nhưng_mà anh không_thể viết rap bày_tỏ nỗi_lòng như wowy con tim anh chết lặng bờ vai đang rất nặng làm_sao duy_trì điều đó trán anh tăng thêm vài vết nhăn mọi người nhìn xe anh bên ngoài mỗi khi anh đi vào bên trong anh cười tươi rất thoải_mái chỉ để an_ủi ở trong lòng nhưng họ không hề biết có những điều đáng tiếc đôi_khi cũng chỉ vì stress có những đêm anh chết ở trong phòng anh mua thêm bugatti_pagani_lamborghini_danh tiếng anh tăng thêm vài bậc nhưng nói em nghe nè wowy_cái anh muốn không phải chiếc xe đó là cách anh xử_lý stress công_việc của anh áp_lực and_thats why i do the best anh đã chạy xa xe anh lái không_thể quay đầu khác với người ta điều đơn_giản mà anh mong cầu ngủ ngon yên_giấc với đứa trẻ đang ở trên lầu hy_vọng sáng_mai tỉnh dậy anh biết được mình đang ở đâu thôi đi theo anh ra ngoài kia mình đi cà_phê lên trên con xe bật nhạc mình nghe tới chiều mình zề nhấn lên chân ga trên cao_tốc anh chạy thật nhanh về hướng long_thành trên con mercedes màu xanh mercedes màu xanh trong cơn mưa lướt đi thật nhanh mercedes màu xanh không biết khi nào trời tạnh mercedes màu xanh đi về hướng long_thành mercedes màu xanh bên trong mercedes màu xanh brother_brother_brother_okay okay_okay,CLEAN,CLEAN
cám_ơn wowy giản_dị đời_thường tình_nghĩa và khiêm_nhường là những điều e cảm_nhận trong nhạc của_anh,CLEAN,CLEAN
bài rap nịnh này thật đi vào lòng người,CLEAN,CLEAN
tâm_trạng hơi buồn tự_dưng nghe nhạc a thấy hay và chân_thật vô_cùng cảm_ơn a wy vì lời bài hát đơn_giản nhưng thật sâu_sắc,CLEAN,CLEAN
ý chính trong bài này về mr_minh_mang trên mình trọng_trách gìn_giữ và phát_triển sản_nghiệp gia_đình cùng với lo miếng cơm cho hàng trăm nhân_công áp_lực tinh_thần là rất lớn chơi siêu xe để giải stress mong_muốn có được giấc_ngủ an_lành và gia_đình bình_yên,CLEAN,CLEAN
thích nhạc anh waowy ghê luôn á anh hãy ra nhiều ca_khúc nhẹ_nhàng và đời và đạo thế_này nữa anh nhé ủng_hộ anh,CLEAN,CLEAN
nhạc wowy nghe nhẹ lòng làm_sao ấy có chút gì đó đi vào lòng người,CLEAN,CLEAN
first time listening to wowy and honestly mad respect and love for you,CLEAN,CLEAN
nhạc rất nhiều cảm_xúc,CLEAN,CLEAN
ai chê cứ chê nhưng riêng mình thích bài này khi vật_chất đối_với bạn mình không còn ý_nghĩa thì 1 bài hát tinh_thần là tuyệt_vời để làm_quà tặng,CLEAN,CLEAN
màu nhạc này theo mình thấy rất hợp với wowy cũng như sở_thích của mọi người rất thích những bài nhạc rap nhẹ_nhàng thư_giãn giống kiểu này hy_vọng wowy sẽ phát_huy tiếp những bài rap mới theo phong_cách này,CLEAN,CLEAN
tối nghe ngủ có_vẻ dễ nhỉ đi ngủ đây cả nhà ngủ ngon nhé,CLEAN,CLEAN
rap wowy là rap của sự thanh_tịnh và thẩm_thấu từng câu rap của anh mang theo chiều_hướng đương_đại thật_sự hâm_mộ,CLEAN,CLEAN
chúc a wy và a minh luôn mạnh_khoẻ và giữ mãi phong_độ như thế_này nhé,CLEAN,CLEAN
wowy đã đưa rap việt lên tầm cao mới tạo ra một trường_phái mới trường_phái rap nịnh,CLEAN,CLEAN
giàu hay nghèo rồi cũng chỉ mong_muốn có một giấc_ngủ bình_yên và sáng thức dậy biết mình đang ở đâu một bài hát nhẹ_nhàng nhưng mang nhiều ý_nghĩa cảm_ơn wowy,CLEAN,CLEAN
có người nói rap nịnh nhưng_mà mình cảm_nhận được sự quý_mến thật lòng của wy cho bro của mình,CLEAN,CLEAN
hôm_nay có ai còn nghe cùng wowy và anh minh không,CLEAN,CLEAN
nổi lòng của một doanh_nhân bài rap ý_nghĩa,CLEAN,CLEAN
đứa nào ganh tỵ sẽ nói lad rap nịnh nhưng mình thấy ww sống xưa giờ rất hảo_hán chất giọng rõ chữ nghe cuốn chill nghe ko sót bài nào của ww,CLEAN,CLEAN
bài rap của anh làm cho em cảm_thấy thật thoải_mái như có một năng_lượng tích_cực vậy anh wowy ạ,CLEAN,CLEAN
sâu thẳm là những nỗi_niềm của wowy muốn giải bày cùng a minh rất ý_nghĩa,CLEAN,CLEAN
nghe bài này vẫn cứ cuốn qué quan_điểm mình thì ae thân_thiết thì dành lời tôn_trọng ngưỡng_mộ đối_với nhau là chuyện bình_thường chắc_hẳn cuộc_đời mn ai cũng từng tôn_trọng ngưỡng_mộ mà thả những lời mật ngọt như wowy nhưng wowy khác mn là ww thả trong âm_nhạc,CLEAN,CLEAN
tôi là tài_xế taxi ở phú_quốc tôi đã đc chở a minh trên chiếc xe 7 chỗ của mình a rất vui_vẻ và không chê_bai những thứ rẻ_tiền hay có kiểu quá tự_tin và làm màu như những người có tiền mà tôi từng gặp qua mong những điều tốt_đẹp nhất đến với anh và gia_đình,CLEAN,CLEAN
càng nghe càng cuốn có_thể nó hk hợp với những ng sành nhạc nhưng với ng bình_thường và quê như mình thì nghe rất là chill tks wowy,CLEAN,CLEAN
thích nghe a quá chất giọng và điệu nhạc đúng cái mình muốn nghe,CLEAN,CLEAN
một năm rồi anh wowy ơi em vẫn hay nghe bài này và em chúc sinh_nhật anh minh và chúc cho tình_cảm 2 anh_em của anh và anh minh sẽ luôn bền_vững nhé,CLEAN,CLEAN
đỉnh_cao rap hơn chục năm nhưng lão đại vẫn giữ nguyên phong_cách vần đơn của mình dù điều gì xảy ra thì vẫn không_thể thay_đổi phong_cách được,CLEAN,CLEAN
bài nhạc này thật chill và nhẹ_nhàng nhà_thơ viết tặng thơ cho người_thân yêu hoạ_sĩ vẽ tranh tặng người_yêu_thương rapper rap tặng người_thân quý,CLEAN,CLEAN
nhạc anh wowy luôn mang ý_nghĩa trong từng lyrics mong tình bạn của hai anh mãi_mãi bền_vững và vui_vẻ như này nhé,CLEAN,CLEAN
e nghe nhạc của a từ lâu rồi và hình_tượng của a vẫn là 1 thứ gì đó cao_thượng đối vs e mang ý_nghĩa của từng bước e trưởng_thành mong đc anh thấy cmt này của e a đại,CLEAN,CLEAN
hay quá anh bất_kỳ sự thành_công nào cũng trải qua gian_khổ cả nể phục quá chúc 2 anh nhiều sức_khoẻ,CLEAN,CLEAN
sau bao_nhiêu người nói anh rap nịnh thì em vẫn kệ họ và rất thích anh màu nhạc của anh cũng như những lời_nói từ đáy lòng của_anh,CLEAN,CLEAN
buổi sáng bậc dâỵ nghe rất đã luôn cảm_ơn wy,CLEAN,CLEAN
em nghe nhạc của lão đại_từ khi còn lớp 5 lớp 6 mặc_dù chỉ là con_nít lúc đó nhưng cho tới bây_giờ khi nghe lại em vẫn nhớ những cảm_xúc và giai_điệu nhận được từ lão đại em không quan_tâm mọi người nói gì hay là thời_đại nào đã qua đi rồi em vẫn luôn ủng_hộ lão đại mong anh ngày_càng thành_công,CLEAN,CLEAN
wowy đã viết 1 bài nói lên nỗi_lòng của 1 doanh_nhân amazing gút chóp dù giàu hay nghèo họ vẫn có áp_lực cuộc_sống rất kinh_khủng lyric quá đỉnh,CLEAN,CLEAN
hay quá anh ơi mong anh mãi giữ được sự_tích cực trong tim mình chúc anh và anh_minh mãi giữ tình bạn này nhé tình_cảm nó thật đáng quý và đáng trân_trọng vừa e mới vào nghe nghe được hẳn 3 lần rồi đấy ạ,CLEAN,CLEAN
tôi cảm_nhận được sự chân_thành chúc tình anh_em của hai bạn bền lâu,CLEAN,CLEAN
wowy mãi đỉnh nhớ lại kí_ức khu tao_sống kết_hợp với kakrik quả là chất_lượng lúc đó ra nét nghe nhạc miết vừa bắn cf vừa nghe nhạc của 2 ông tuyệt làm_sao,CLEAN,CLEAN
e rất thích những bài hát về đời thực như_vậy cua a wy_hay lắm a ạ,CLEAN,CLEAN
ai nói gi nói chứ với tôi bài của wowy cực chi_tiết và tâm_lý respect a wy vì những gi anh đã làm cho vietrap,CLEAN,CLEAN
nhạc_wowy lúc_nào cũng đời thực cũng gần_gũi cũng dễ hiểu dễ nghe quan_trọng là đi vào lòng người từ những điều đơn_giản nhất mãi yêu trùm cuối,CLEAN,CLEAN
chúc a càng_ngày_càng thành_công hơn_nữa đem ráp càng_ngày_càng phát_triển hơn_nữa,CLEAN,CLEAN
bài hát đầu_tiên của wowy làm mình rớt nước_mắt không hiểu sao rất xúc_động gần_gũi chân_thật,CLEAN,CLEAN
nhiều bạn nói đây là rap nịnh nhưng mình ko hiểu nịnh chỗ nào theo từ_điển tiếng việt thì nịnh là khen không đúng hoặc khen quá_lời chỉ cốt để làm_đẹp lòng nhưng lời bài hát đa_phần mô_tả về cuộc_sống tâm_tư và nỗi_lòng của anh minh_nhựa_mình chỉ thấy đơn_giản là wowy muốn thể_hiện tình_cảm quý_mến đến một người anh một bạn giống như trước_đây wowy từng viết bài nhớ nah để nhớ về rapper nah hay trong đêm chung_kết ráp_việt mùa 2 wowy nhắc đến ca_sỹ mỹ tâm trong bài tâm trong tim trên thế_giới việc hát về bạn thân người mà mình yêu_mến cũng ko phải hiếm chẳng_hạn như sir_elton_john hát bài candle in the wind để tưởng_nhớ người bạn thân là công_nương diana hay diana_ross hát bài missing you nhớ về người bạn ca_sĩ marvin_gaye hay bài diamon and rust của joan_baez viết về người bạn tâm_giao của mình là nhạc_sĩ / ca_sĩ bob_dylan,CLEAN,CLEAN
bài hát hay quá chú wowy ơi hâm_mộ chú lâu lắm rồi không biết khi mới được gặp chú ngoài đời đây,CLEAN,CLEAN
bài rap nịnh hay quá anh quaoquy ơi 2 năm rồi nge vẫn sặc_mùi nịnh,CLEAN,HATE
wowy là 1 trong những rapper tôi nghe ko cần bật sub giọng hát rất tình_cảm lôi_cuốn thật may_mắn cho rap việt khi wowy vẫn tiếp_tục rap,CLEAN,CLEAN
giờ wowy hợp với kiểu nhạc yên_bình và thoải_mái rất chill làm về nghe bài này dường_như mọi stress mệt_mỏi tan biến,CLEAN,CLEAN
nghe anh từ lúc học cấp 3 cho đến đại_học vì nhạc anh hay và muốn học theo chất ngông đường_phố của anh cho đến bây_giờ đi làm công_ty được 4 năm em vẫn nghe nhạc anh vì nhac anh hay và muốn học theo cách luồn_cúi và bợ_đít của anh để ứng_dụng vào công_việc cho mau thăng chức,HATE,CLEAN
cảm_ơn qua_quy đã khai_sáng bộ_môn rap nịnh tại vn và trên thế_giới,CLEAN,HATE
tuyệt_vời lắm a e rất thích phong_cách của mv này có gì đó mới_mẻ nè chúc a sẽ thành_công hơn và tuyệt_vời hơn bây_giờ nhak a,CLEAN,CLEAN
em rap nghe bài nào cũng gây cảm_xúc từ từng từ từng chữ hành_trình em đi lên làm anh rất khâm_phục ý_chí và nỗ_lực của em,CLEAN,CLEAN
anh wowy thật có tâm với anh_em đầu_tư hẳn 1 mv đẹp hát cực ngọt_ngào và tình_cảm để tặng người anh_em của mình 1 bài hát 1 món quà sinh_nhật đối_với anh mình chúc anh minh sinh_nhật vui_vẻ luôn thành_công trong công_việc lẫn cuộc_sống chúc tình bạn của hai anh mãi_mãi đẹp như_thế nha,CLEAN,CLEAN
nghe wowy rap nghe thật rõ và ý_nghĩa cuốn mình vào câu_chuyện nghe đi nghe lại,CLEAN,CLEAN
một tuyệt_phẩm được ra_đời nghe mà quá cuốn đỉnh quá anh ơi,CLEAN,CLEAN
hay ý_nghĩa là đây cảm_ơn anh rất tuyệt buồn mở vui cũng nghe ước gì,CLEAN,CLEAN
thích_wowy từ lâu rap rất dễ nghe dễ hiểu gần_gũi,CLEAN,CLEAN
hôm_nay tôi rất buồn và chợt nhớ đến quao_quy nên vào xem bài rap này để bớt buồn 2 năm rồi nghe lại bài này cảm_xúc vẫn như lần đầu làm tôi vui_vẻ cười như dc mùa quá hay quao_quy ơi bài rap nịnh chất_lượng quá,CLEAN,CLEAN
lí_do mình thích nghe nhạc wowy bởi_vì nó không quá hoa_mỹ không quá văn vở nhưng nó real nó thực nó chạm được cảm_xúc người nghe đó là lí_do mình đã theo_dõi wowy từ rất lâu,CLEAN,CLEAN
mê bài này của a wowy quá đưa cuộc_đời vào bài rap thật ý_nghĩa,CLEAN,CLEAN
nghe cái nhạc nền của anh cảm như là cho người đang mất hết niềm tin rồi cho họ cái tia hy_vọng để bước tiếp,CLEAN,CLEAN
bài hát rất dễ_thương anh wy giai_điệu và lời bài hát nghe rất chân_tình gần_gũi như tình_cảm của 2 anh_em,CLEAN,CLEAN
có những bài nhạc nghe bắt tai có những bản_nhạc nghe để thưởng_thức đó là nhạc wowy,CLEAN,CLEAN
ai cười rap nịnh chứ sáng nào mình cũng mở bài này cuốn với chill vl wowy biết cách làm nhạc cho nhiều người không phải dân hip_hop nghe vẫn thấy hay,CLEAN,CLEAN
anh wowy là một người rất tôn_trọng những người bạn anh luôn giành tình_cảm để yêu_thương họ em cảm_ơn anh vì đã cho ra bài hát cực ngọt_ngào và đầy tình yêu_thương,CLEAN,CLEAN
tuyệt_vời quá đẳng_cấp mong tình anh_em bền mãi với thời_gian,CLEAN,CLEAN
tôi là tôi nể anh wowy nhất ở cái viết lyrics về rap life có_thể nói anh là người viết rap life hay nhất tôi đã từng nghe,CLEAN,CLEAN
em cám_ơn lão đại nha dạo này học online khiến em stress không chịu nổi có lúc chỉ muốn niềm ít niềm vui trong cuộc_sống mà thực_sự rất khó nhưng_mà cứ mỗi cần em mở bài này lên là em cười bò_qua_bò_lại bò_tới_bò_lui bò_qua_bò_lại bò mòn đầu_gối em rất biết_ơn anh,CLEAN,CLEAN
điều mà anh làm được là đẩy vốn cty lên vài chục nghìn tỷ nhưng a không_thể viết rap bày_tỏ lỗi lòng như wowy thật đúng đối_với a minh nghe mà nổi da_gà,CLEAN,CLEAN
tròn 10 tháng rồi mọi người ơi mình vẫn nghe bài này thật_sự phải nói là rất ý_nghĩa đối_với mình cảm_ơn anh wowy nhé resp_anh,CLEAN,CLEAN
anh không biết viết rap bày_tỏ nỗi_lòng như wowy,CLEAN,CLEAN
bài hát wowy giống như cuộc đời anh_minh từ lúc bàn_tay trắng đến lúc có sự nghiệp ở ngoài cười nhưng trong lòng nhiều nỗi buồn trong làm ăn wowy hát bài này có ý nghĩa,CLEAN,CLEAN
2 ngày nghe 40 lần đúng là món quà vô_giá,CLEAN,CLEAN
anh quơ_quy chính là hlv mình thích nhất anh là người dẫn mình vào con đường rap anh là người giỏi nhất trong những hlv ở rap_việt anh là một người em luôn tin_tưởng và luôn ủng_hộ mãi fan quơ quy nếu anh đọc được comment này thì cho em xin đôi nike anh nhé em mang size 9 ạ,CLEAN,CLEAN
quá hay quá ý_nghĩa cám_ơn a wowy có bài hát quá ý_nghĩa tặng a_minh,CLEAN,CLEAN
chất giọng vẫn ko thay_đổi vẫn chất như ngày_xưa,CLEAN,CLEAN
cảm_ơn anh wowy về những bài rap mang đến cho mọi người động_lực để sống thật tốt nè,CLEAN,CLEAN
bài rap nhẹ_nhàng nghe dễ_chịu và hay quá anh ơi,CLEAN,CLEAN
dù mọi người chê nhiều nhưng em thấy nhạc của anh rất chill nghe đi nghe lại không thấy chán,CLEAN,CLEAN
nhẹ_nhàng phiêu nhạc lấu lắm mình mới nghe được 1 bài nhạc nịnh chất_lượng đến như_vậy cám_ơn a,CLEAN,CLEAN
càng nghe càng thấy hay tình_cảm anh_em mãi bền_vững anh nhé,CLEAN,CLEAN
em chợt nghe lại bài này đến đoạn điều đơn_giản mà anh mong cầu ngủ ngon yên_giấc sáng_mai tỉnh dậy biết được mình đang ở đâu em hiểu thêm sức nặng của doanh_nghiệp lớn phải lo_nghĩ về cuộc_sống của các nhân_viên những viên gạch giúp họ vững_chắc từng ngày em xúc_động muốn rớt nước_mắt mà không rớt vì giọng anh wowy gai_góc mạnh_mẽ quá bài này mà nghe chế_độ lập lại chừng 20 phút thì buồn cả ngày vì thật_sự là một bài buồn em cảm_ơn anh vì bài hát giải bày nỗi_lòng của nhiều doanh_nghiệp lớn,CLEAN,CLEAN
ai rồi cũng cần chi_phí để chi_trả cho cuộc_sống wowy cũng vậy như bao người khác cần lão đại vẫn là lão đại,CLEAN,CLEAN
wowy respect real lyrics and music got me dropping a few tears happy for you man keep yourself high and stay true to your visions,CLEAN,CLEAN
rất thích phong_cách rap này của anh wowy ra vài bài như này nữa nha_anh,CLEAN,CLEAN
hay quá a ơi 1 bài hát bộc_bạch hết tâm_tư d tuyệt,CLEAN,CLEAN
rap_bảo_vệ trái_tim là nhiệm_vụ của lý_trí lý_trí không cần giải_thích cho trái_tim nhiệm_vụ của trái_tim không phải nghe giải_thích ohyeah,CLEAN,CLEAN
yêu cả hai anh chúc hai anh luôn mạnh_khoẻ luôn thành_công hơn_nữa ạ,CLEAN,CLEAN
wowy vẫn vậy chất nhạc rất đơn_giản và dễ đi vào lòng người,CLEAN,CLEAN
mình chỉ thấy tình_nghĩa không thấy gì ngoài tình_nghĩa viết được những câu từ như này để vào trong rap không phải dễ mà để thể_hiện tình_cảm đó trong rap mang một ý_nghĩa một cảm_xúc thì lại còn khó hơn câu_kết của anh wowy chính là những gì vốn có giản_đơn của tình bạn hai từ trọn_vẹn mong các anh vẫn như ngày đầu gặp,CLEAN,CLEAN
lời giản_đơn nhưng k hề đơn_giản nhạc hay quá a ơi,CLEAN,CLEAN
bai hát nghe yên_bình,CLEAN,CLEAN
xưa người giàu_có tiền thì nuôi corgi_mèo_ai cập giờ người có tiền lên tới đẳng_cấp mới là nuôi wowy à,CLEAN,CLEAN
bài hát hay nhất mà tôi từng nghe cảm_xúc thật xúc_động,CLEAN,CLEAN
cám_ơn chương_trình ráp_việt đã góp_phần làm a wy hoạt_động trở_lại nhạc của anh wy với anh đen_vâu luôn làm e cảm_thấy thật thoải_mái khi nghe anh ạ,CLEAN,CLEAN
gần_gũi bình_dị đơn_giản dễ_thương và hay,CLEAN,CLEAN
wowy sống tình_cảm và chân_chất như thế_này ai mà chả thích nhỉ,CLEAN,CLEAN
nhạc hay chill ráp việt mùa 2 tui thấy 1 cái j đó gọi là ấn_tượng với ww ủng_hộ wowy từ bây h,CLEAN,CLEAN
chỉ cần nghe nhạc anh wy mọi chuyện trở_nên tĩnh_lặng mọi stress tan biến,CLEAN,CLEAN
muốn ngồi ở vị_trí không ai ngồi được phải chịu cảm_giác không ai chịu được nhạc hay quá anh wowy ơi,CLEAN,CLEAN
wow bài hát thật đặc_biệt và tình_cảm,CLEAN,CLEAN
nghe rap wowy từ lúc ra bài khu tao sống thích cách viết của wowy real và đời thực ko phải ai cũng làm đc,CLEAN,CLEAN
không có chủ_đích nhưng mỗi lần thấy không_thể không ấn vào nghe giai_điệu đẹp lyric giản_dị nhưng cực cuốn respect lão đại,CLEAN,CLEAN
khi stress nghe những bài rap cua a em thấy minh ko dk guc ngã vì ngoài sau lưng mình còn nhiều vấn_đề và gia_đình phai lo mong một lần dk gặp anh cảm_ơn anh lão đại,CLEAN,CLEAN
nhạc này rất hay cảm_ơn anh wowy đã cho tui rất nhiều cảm_xúc,CLEAN,CLEAN
những năm trước nhìn anh_em wowy thành_công tôi luôn hỏi là tại_sao anh vẫn đứng đó tôi vẫn chờ và tin rằng một ngày anh sẽ làm được hôm_nay tôi thấy rất hạnh_phúc khi anh đã gặt được thành_quả luôn dõi theo bước_anh,CLEAN,CLEAN
nhạc anh wowy nghe là để nghiện,CLEAN,CLEAN
có gì đó rất gần_gũi chân_thật nhưng cũng đượm buồn lắng_đọng lại thật nhẹ trong lòng người nghe,CLEAN,CLEAN
em đang chơi_vơi với những suy_nghĩ về cuộc_đời mình thì tình_cờ nghe được bài này em không có gì trong tay cả cuộc_sống của em yên_bình và hạnh_phúc hầu_như là không có khó_khăn hay biến_cố gì có_lẽ vậy_mà em có cảm_giác mình không cần gì nhiều em cũng đặt mục_tiêu phải đạt được bao_nhiêu tiền vào năm bao_nhiêu tuổi nhà_xe ra sao nhưng dường_như sâu thẳm trong tim em_em không cần những thứ đó em luôn có những giấc_ngủ ngon mỗi tối cuộc_đời cứ êm_đềm mà trôi qua cảm_ơn anh wowy đã cho em một góc nhìn mới về cảm_nhận thật_sự của những người thành_công để em cảm_thấy đỡ vô_dụng hơn trong cuộc_đời này respect anh bài này siêu hay và chạm tới cạm xúc của em hoàn_toàn,CLEAN,CLEAN
em ko phải fan cứng của anh wy em là fan của rap nói_chung nhưng em ko nghĩ anh nịnh anh minh mà chỉ take it ez như anh wy em nghĩ anh wy đang show respect và shout out tới anh minh_nhựa mà thôi shout out to lão đại shout out tới cách mà anh delivery nội_dung,CLEAN,CLEAN
bản rap bợ đầu_tiên của việt_nam huyền_thoại,CLEAN,CLEAN
chạy thật nhanh nhưng phải trên cao_tốc làm nhạc vẫn phải tuân_thủ luật giao_thông quá hay a ơi idol thời nhỏ của e,CLEAN,CLEAN
chất giọng của lão đại là chất giọng trời phú dù là chủ_đề nào đi_nữa bài rap của a vẫn rất phiêu,CLEAN,CLEAN
nhạc và lời chất quá_cảnh đơn_giản mà_lại thành đẹp và mô_tả hết_ý của tác_giả like,CLEAN,CLEAN
thật_ra mình không có quá nhiều định_kiến về vần đơn dù đa_phần các rapper vẫn chú_trọng vào vần đôi 3 và lyrics có tính kỹ_thuật cao dùng vần đơn sẽ đẩy cảm_xúc và vần câu thoải_mái hơn bùng_nổ cảm_xúc mãnh_liệt và phóng khaongs hơn,CLEAN,CLEAN
chúc tình huynh_đệ của a và a minh nhựa ngày_càng bền_chặt,CLEAN,CLEAN
sinh_nhật của bài hát tuyệt_vời,CLEAN,CLEAN
hâm_mộ anh từ thời khu tao sống đến h nhìn cách a đi lên và thàh công như vạy đây là thứ mà các fan anh luôn mong_muốn,CLEAN,CLEAN
beat nhẹ_nhàng thêm flow ôi nghe phiêu quá,CLEAN,CLEAN
thật_ra đọc bình_luận mình cảm_thấy thoả_mãn hơn nghe bài hát ahihi chúc mọi người sức_khoẻ,CLEAN,CLEAN
thuyền to sóng to cái mà tất_cả mọi người theo_đuổi không phải tiền_bạc mà là sự vui_vẻ và bình_yên trong lòng,CLEAN,CLEAN
quá hay anh wowy ơi e càng nghe càng mê,CLEAN,CLEAN
cảm_ơn anh bài hát là nguồn động_lực để e theo_đuổi giấc mơ làm nịna metxedec mau xanh của anh còn ổn chứ cuộc_sống như một cho đùa nó làm con_người thay_đổi con_người anh hay e đều vậy cả rất xin_lỗi nếu có súc phạm đến a thật hạnh_phúc khi nghe bài nhạc hãy nhớ tôn_trọng người dùng khác khi đăng bình_luận và tuân_thủ nguyên_tắc cộng_đồng của chúng_tôi nhạc như buồi,HATE,HATE
nghe xong bài này mới thấy hiểu hơn về 2 anh 1 tình_cảm tình a / e của các anh thật_sự to_lớn và rất đẹp 2 gặp nhau là cái duyên nên ae có_thể chia_sẻ thoải_mái cùng nhau nhiều điều 3 xe_cộ vật_chất là phương_tiện để xả stress đơn_giản là thú_vui giúp mình vui_vẻ mng đừng xem nặng nó quá 4 a minh sống rất tình_cảm với mọi người và cũng vì_thế mọi người cũng giàu tình_cảm với a 5 bài nhạc ngay cả người ngoài như e cũng có cảm_xúc rất thật 6 cảm_xúc được a wy hiểu rõ và giúp a minh_giải bày đến mọi người bằng từ_ngữ chân_thật 7 ko phải có vật_chất là ko có stress 8 long_thành is da best 9 mẹc màu trắng rồi xanh rồi chắc sẽ có màu đỏ đúng màu long_thành cho xem 10 respect,CLEAN,CLEAN
người ta đi bằng đôi chân để đi lên còn wowy này đi lên bằng đôi tay hay thật quá respect,CLEAN,CLEAN
bài này thật sư rất hay nghe 1 lần ko hiểu đang nói nổi lòng của a_minh,CLEAN,CLEAN
trừ việc đây bị ném đá là mv nịnh thì mình thấy bài cũng hay giai_điệu đơn_giản concept đẹp quan_điểm cá_nhân mình nghĩ nếu wowy chơi với ông minh_nhựa lâu rồi thì bài này sẽ không bị cho là bợ_đít,CLEAN,CLEAN
nghe cuốn quá anh wy ơi em là người long_thành ạ nghe có long_thành là em thấy tự_hào quá,CLEAN,CLEAN
nhờ wowy mà có nhiều bài rap chế nghe giải_trí rap nịnh mãi đỉnh,CLEAN,OFFENSIVE
mình nghĩ bài này anh wowy gửi tặng riêng cho anh minh nhưng mình nghĩ chắc sẽ nhiều người ở vị_trí của anh minh cũng sẽ hiểu và thấu được lời nhạc của anh wowy 11 năm luôn dõi theo_anh,CLEAN,CLEAN
rất đời_thường nhưng cũng sâu lắm anh wowy đối_với anh_em chân_tình đến ngưỡng_mộ mình_sẽ sống cuộc_sống của mình có_thể mang cái chất tình anh_em của wowy chúc 2 anh luôn vui_vẻ,CLEAN,CLEAN
yêu_wowy tâm_hồn đẹp và giọng rap trong_vắt ko cần vietsub,CLEAN,CLEAN
cách tôi đến xem video 10 chill 20 hay chất_lượng 70 * mẹc xi đéc màuxanh *,CLEAN,CLEAN
món quà sinh_nhật bằng cả trái_tim ở đời tìm được người bạn tốt rất khó đừng nói đến chuyện gặp được người anh_em tri_kỷ chúc 2 anh giữ mãi tình anh_em,CLEAN,CLEAN
ráp nhẹ_nhàng dễ nghe quá cảm_giác thoải_mái,CLEAN,CLEAN
không lộng_lẫy kiêu_sa không ba_hoa lời_nói đơn_giản và chất như wowy_respect_anh,CLEAN,CLEAN
bài này thật_sự quá hay,CLEAN,CLEAN
bài của anh wowy rất hay brother lyrics tuyệt_vời sáng_tạo,CLEAN,CLEAN
bài này rất hay,CLEAN,CLEAN
mong anh wowy và trường_phái rap nịnh mà anh tạo ra càg ngày_càng thành_công,CLEAN,CLEAN
u touch my soul thank u wowy,CLEAN,CLEAN
vẫn đi cùng wowy từ lúc bé tý đến nay cố lên anh hãy ra thật nhiều bài rap hay,CLEAN,CLEAN
cảnh đẹp hát hay cảm_ơn wowy rất nhiều,CLEAN,CLEAN
ngày_xưa chỉ là chiếc xe_đạp màu xanh giờ_đây là mercedes màu xanh hoàn_hảo quá anh wowy,CLEAN,CLEAN
mỗi lần buồn vô nghe a wơ_wi rap vui hẳn,CLEAN,CLEAN
những con_người rất đời một bài rap cũng rất đời respect_ww,CLEAN,CLEAN
hay quá chú,CLEAN,CLEAN
tự_sự của wowy đơn_giản mà thấm_thía càng nghe càng mê,CLEAN,CLEAN
lúc đầu mình cũng thấy ổng rap con_mẹ gì mà nịnh vậy nhưng đến tận bây_giờ khi nghe lại thì sau khi nghe câu anh không biết rap bày_tỏ nỗi_lòng như wowy thì tôi thấy tôi trân respect wowy lắm ở ngoài ổng khùng_khùng điên_điên như_vậy nhưng bên trong là 1 con_người luôn sống đúng nghĩa anh_em tôn_trọng anh,HATE,CLEAN
tự_nhiên nhớ cảm_giác tới nhà người bạn chơi rồi ngồi nói_chuyện luyên_thuyên trên trời dưới đất tình bạn thật đẹp phải ko mn,CLEAN,CLEAN
brother brother brother wowy tới để gặp anh minh_tìm một ly cafe xe anh để trước nhà_nhà nhỏ mà xe to anh luôn sống như_vầy sao anh nói wy đừng có lo anh mới mua một căn kế bên để cho chiếc xe mà anh mới có anh_minh mời wy zô thăm nhà nà từ_từ cho nó thong_thả giới_thiệu wy khắp những phòng và kể về những nỗi_lòng rằng anh đã sống ra sao trước anh ở nhà thuê giờ anh mới mua được nhà có cuộc_sống mà nhiều người mê nói thiệt hay anh giỡn chơi yeah anh nói thiệt anh theo đạo không nói xạo lâu_lâu anh nhây em đừng có quạo wowy take it easy cuộc_sống không tồn_tại gì dễ anh phải cố_gắng rất nhiều mà xe của anh không tồn_tại chỗ để ayy thôi đi theo ông ra ngoài kia mình đi cafe lên trên con xe bật nhạc mình nghe tới chiều mình về nhấn lên chân ga trên cao_tốc anh chạy thật nhanh về hướng long_thành trên con mercedes màu xanh mercedes màu xanh trong cơn mưa lướt đi thật nhanh mercedes màu xanh không biết khi nào trời tạnh mercedes màu xanh đi về hướng long_thành mercedes màu xanh bên trong mercedes màu xanh điều mà anh làm được đẩy vốn công_ty lên vài chục ngàn tỉ nhưng_mà anh không_thể viết rap bày_tỏ nỗi_lòng như wowy_con tim anh chết lặng bờ vai đang rất nặng làm_sao duy_trì điều đó trán anh tăng thêm vài vết nhăn mọi người nhìn xe anh bên phía ngoài mỗi khi anh đi vào bên trong anh cười tươi rất thoải_mái chỉ để an_ủi ở trong lòng nhưng họ không hề biết có những điều đáng tiếc đôi_khi cũng chỉ vì stress có những đêm anh chết ở trong phòng anh mua thêm bugatti_pagani_lamborghini_danh tiếng anh tăng thêm vài bậc nhưng nói em nghe nè wowy_cái anh muốn không phải chiếc xe đó là cách anh xử_lý stress công_việc của anh áp_lực and that ’ s why i do the best anh đã chạy xa xe anh lái không_thể quay đầu khác với người ta điều đơn_giản mà anh mong cầu ngủ ngon yên_giấc với đứa trẻ đang ở trên lầu hy_vọng sáng_mai tỉnh dậy anh biết được mình đang ở đâu thôi đi theo ông ra ngoài kia mình đi cafe lên trên con xe bật nhạc mình nghe tới chiều mình về nhấn lên chân ga trên cao_tốc anh chạy thật nhanh về hướng long_thành trên con mercedes màu xanh mercedes màu xanh trong cơn mưa lướt đi thật nhanh mercedes màu xanh không biết khi nào trời tạnh mercedes màu xanh đi về hướng long_thành mercedes màu xanh bên trong mercedes màu xanh mercedes màu xanh trong cơn mưa lướt đi thật nhanh mercedes màu xanh không biết khi nào trời tạnh mercedes màu xanh đi về hướng long_thành mercedes màu xanh bên trong mercedes màu xanh brother_brother_brother_brother brother_brother_it ’ s okay okay okay it ’ s okay okay okay,CLEAN,CLEAN
cảm_giác một thứ gì đó rất vĩ_đại và hoài_niệm một đời người tự hỏi sống thế_nào cho đáng,CLEAN,CLEAN
nhiều người vào đây cứ cmt bảo a wy rap nịnh các kiểu nhưng đối_với em anh là_là một rap pẹr chính_hiệu respect,CLEAN,CLEAN
mv đơn_giản nhưng dễ hiểu dễ cảm_nhận và đặc_biệt rất ý_nghĩa,CLEAN,CLEAN
bài này nghe nhẹ_nhàng quá dễ_chịu,CLEAN,CLEAN
em đã đọc tus a ghi trên fb về bài này em mong a có_thể ra 1 clip để chia_sẻ rõ hơn đồng_điệu được tình_cảm a giành cho 1 người anh của mình,CLEAN,CLEAN
anh wowy có fan doraemon ko cảnh có cánh cửa thần_kỳ hay quá,CLEAN,CLEAN
thấm vào_tròng lòng,CLEAN,CLEAN
quá hay nhiều khi trên xe bật bản này của wowy trong trời mưa hay ghê dù xe mình màu đen không phải màu xanh d,CLEAN,CLEAN
bỏ_qua các bình_luận như rap nịnh_bợ đít gì gì đó thì bài hát nhẹ_nhàng và thực_sự đi vào lòng người nói lên nỗi_lòng của người đàn_ông thành_đạt nhưng nhiều khoảng lặng mà ít ai thấu_hiểu và thật may_mắn là lúc như_vậy vẫn có người anh_em để tâm_sự trải lòng mình còn mấy ông kêu người ta nịnh thì tôi xin các ông người làm nhạc cũng là người kể truyện khi người ta kể về cuộc_sống gia_đình bạn_bè vậy wowy viêt nhạc về người anh người bạn đã giúp_đỡ có_thể là về mặt vật_chất hay tinh_thần thì có gì sai người ta trân_trọng tình_cảm thì mới viết thành nhạc còn hơn khối thằng ngoài kia ăn_cháo_đá_bát khi nổi_tiếng rồi thì coi bạn_bè những người từng giúp_đỡ mình chẳng ra_gì,CLEAN,CLEAN
thấm từng câu từng chữ love you wowy,CLEAN,CLEAN
bài hát đem lại cảm_xúc rất tốt chẳng phải fan nhưng cũng k ghét gì wowy nhưng thấy ổng bị nhiều người ghét cho rằng nịnh_nọt cũng hơi buồn chẳng_thể nào cho rằng ổng nịnh chỉ vì người khác cũng nghĩ thế nghe nhạc_công tâm đi mọi người,CLEAN,CLEAN
lâu nghe lại vẫn hay,CLEAN,CLEAN
wowvy nhìn ngoại_hình rất giống diễn_viên đóng vai bố_già phùng_kính_nghiêu trong phim tân_bến thượng_hải_kể ra a lấn_sân sang điện_ảnh có_khi lại thành_công,CLEAN,CLEAN
bây_giờ trong làng rap_việt có mỗi tượng_đài wowy là đáng chú_ý anh đã sáng_tạo hẳn 1 trường_phái mới cho rap_việt_trường phái bợ_đít,CLEAN,HATE
hay quá a ơi đi làm từ 3h sáng giờ mới được nghỉ_ngơi thấy a ra bài mới nghe xong như được tiếp thêm sức để làm tiếp chúc bài này lên top nha,CLEAN,CLEAN
cuộc_sống là tìm người có_thể hiểu nỗi_lòng của mình có_thể chia_sẻ bất_cứ điều gì be like wow and_minh,CLEAN,CLEAN
nghe bài này thấy vui và yêu_đời hơn,CLEAN,CLEAN
brother brother brother wowy tới để gặp anh minh_tìm một ly cà_phê xe anh để trước nhà_nhà nhỏ mà xe to anh luôn sống như_vầy sao anh nói wy đừng có lo anh mới mua một căn kế bên để cho chiếc xe mà anh mới có anh_minh mời wy zô thăm nhà nà từ_từ cho nó thong_thả giới_thiệu wy khắp các phòng và kể về những nỗi_lòng rằng anh đã sống ra sao trước anh ở nhà thuê giờ anh mới mua được nhà có cuộc_sống mà nhiều người mê nói thiệt hay anh giỡn chơi yeah anh nói thiệt anh theo đạo không nói xạo lâu_lâu anh nhây em đừng có quạo wowy take it easy cuộc_sống không có gì dễ anh phải cố_gắng rất nhiều mà xe của anh không có chỗ để ayy thôi đi theo anh ra ngoài kia mình đi cà_phê lên trên con xe bật nhạc mình nghe tới chiều mình về nhấn lên chân ga trên cao_tốc anh chạy thật nhanh về hướng long_thành trên con mercedes màu xanh mercedes màu xanh trong cơn mưa lướt đi thật nhanh mercedes màu xanh không biết khi nào trời tạnh mercedes màu xanh đi về hướng long_thành mercedes màu xanh bên trong mercedes màu xanh điều mà anh làm được đẩy vốn công_ty lên vài chục ngàn tỉ nhưng_mà anh không_thể viết rap bày_tỏ nỗi_lòng như wowy_con tim anh chết lặng bờ vai đang rất nặng làm_sao duy_trì điều đó trán anh tăng thêm vài vết nhăn mọi người nhìn xe anh bên ngoài mỗi khi anh đi vào bên trong anh cười tươi rất thoải_mái chỉ để an_ủi ở trong lòng nhưng họ không hề biết có những điều đáng tiếc đôi_khi cũng chỉ vì stress có những đêm anh chết ở trong phòng anh mua thêm bugatti_pagani_lamborghini_danh tiếng anh tăng thêm vài bậc nhưng nói em nghe nè wowy_cái anh muốn không phải chiếc xe đó là cách anh xử_lý stress công_việc của anh áp_lực and that s why i do the best anh đã chạy xa xe anh lái không_thể quay đầu khác với người ta điều đơn_giản mà anh mong cầu ngủ ngon yên_giấc với đứa trẻ đang ở trên lầu hy_vọng sáng_mai tỉnh dậy anh biết được mình đang ở đâu thôi đi theo anh ra ngoài kia mình đi cà_phê lên trên con xe bật nhạc mình nghe tới chiều mình về nhấn lên chân ga trên cao_tốc anh chạy thật nhanh về hướng long_thành trên con mercedes màu xanh mercedes màu xanh trong cơn mưa lướt đi thật nhanh mercedes màu xanh không biết khi nào trời tạnh mercedes màu xanh đi về hướng long_thành mercedes màu xanh bên trong mercedes màu xanh mercedes màu xanh trong cơn mưa lướt đi thật nhanh mercedes màu xanh không biết khi nào trời tạnh mercedes màu xanh đi về hướng long_thành mercedes màu xanh bên trong mercedes màu xanh brother_brother_brother_brother brother_brother_it s okay okay okay it s okay okay okay,CLEAN,CLEAN
nghe không thấy chán quá ý_nghĩa luôn a,CLEAN,CLEAN
lúc trước nghe bài nay thấy bình_thường dạo này tụi nó khịa bài này nhiều quá nghe lại cái tự_nhiên bị ghiền luôn replay liên_tục,CLEAN,CLEAN
bà mới cua anh hay quá nghe đi nghe lại cảm_nhận sự chân_thành anh đặt hết đây luôn beat nghe nhẹ_nhàng sâu_lắng ghê cuốn,CLEAN,CLEAN
thích a ở cái rap chân_thật đậm chất việt không pha_trộn english,CLEAN,CLEAN
nguòi tiên_phong dòng nhạc rap_nịnh là anh wowy sao ngưỡng_mộ anh wowy quá mong 1 ngày em cũng rap_nịnh được như anh bác phạm_nhật_vượng ơi đợi con,CLEAN,CLEAN
bài rap trở_thành văn mẫu được giới trẻ dùng nhiều nhất mxh khi muốn nịnh ai đó,CLEAN,CLEAN
rất hay và rất ý nghĩa chúc wy lun thành_công,CLEAN,CLEAN
wowy cách sống như_thế_nào mới chơi đc với tầng_lớp ấy ngoài minh_nhựa còn chơi anh_vũ nữa mà,CLEAN,CLEAN
1 bài nhạc cực chill và chứa đầy tình_cảm,CLEAN,CLEAN
hay quá lão đại ơi mãi hâm_mộ anh wowy,CLEAN,CLEAN
hay lắm anh wowy ơi tình bạn thật đẹp,CLEAN,CLEAN
1 bài hát anh viết là 1 cậu chuyện thật đậy ý_nghĩa,CLEAN,CLEAN
ngày nào cũng quất khoảng đôi chục lần,CLEAN,CLEAN
cho bn nào cần wowy tới để gặp anh minh_tìm một ly cà_phê xe anh để trước nhà nhà nhỏ mà xe to anh luôn sống như_vầy sao ảnh nói wy đừng có lo anh mới mua một căn kế bên để cho chiếc xe mà anh mới có anh_minh mời wy zô thăm nhà nà từ_từ cho nó thong_thả giới_thiệu wy khắp các phòng và kể về những nỗi_lòng rằng anh đã sống ra sao trước anh ở nhà thuê giờ anh mới mua được nhà có cuộc_sống mà nhiều người mê nói thiệt hay anh giỡn chơi yeah anh nói thiệt anh theo đạo không nói xạo lâu_lâu anh nhây em đừng có quạo wowy take it eazy cuộc_sống không có gì dễ anh phải cố_gắng rất nhiều mà xe của anh không có chỗ để ey thôi đi theo anh ra ngoài kia mình đi cà_phê lên trên con xe bật nhạc mình nghe tới chiều mình zề nhấn lên chân ga trên cao_tốc anh chạy thật nhanh về hướng long_thành trên con mercedes màu xanh mercedes màu xanh trong cơn mưa lướt đi thật nhanh mercedes màu xanh không biết khi nào trời tạnh mercedes màu xanh đi về hướng long_thành mercedes màu xanh bên trong mercedes màu xanh mercedes màu xanh trong cơn mưa lướt đi thật nhanh mercedes màu xanh không biết khi nào trời tạnh mercedes màu xanh đi về hướng long_thành mercedes màu xanh bên trong mercedes màu xanh điều mà anh làm được đẩy vốn công_ty lên vài chục ngàn tỉ nhưng_mà anh không_thể viết rap bày_tỏ nỗi_lòng như wowy_con tim anh chết lặng bờ vai đang rất nặng làm_sao duy_trì điều đó trán anh tăng thêm vài vết nhăn mọi người nhìn xe anh bên ngoài mỗi khi anh đi vào bên trong anh cười tươi rất thoải_mái chỉ để an_ủi ở trong lòng nhưng họ không hề biết có những điều đáng tiếc đôi_khi cũng chỉ vì stress có những đêm anh chết ở trong phòng anh mua thêm bugatti_pagani_lamborghini_danh tiếng anh tăng thêm vài bậc nhưng nói em nghe nè wowy_cái anh muốn không phải chiếc xe đó là cách anh xử_lý stress công_việc của anh áp_lực and_thats why i do the best anh đã chạy xa xe anh lái không_thể quay đầu khác với người ta điều đơn_giản mà anh mong cầu ngủ ngon yên_giấc với đứa trẻ đang ở trên lầu hy_vọng sáng_mai tỉnh dậy anh biết được mình đang ở đâu thôi đi theo anh ra ngoài kia mình đi cà_phê lên trên con xe bật nhạc mình nghe tới chiều mình zề nhấn lên chân ga trên cao_tốc anh chạy thật nhanh về hướng long_thành trên con mercedes màu xanh mercedes màu xanh trong cơn mưa lướt đi thật nhanh mercedes màu xanh không biết khi nào trời tạnh mercedes màu xanh đi về hướng long_thành mercedes màu xanh bên trong mercedes màu xanh mercedes màu xanh trong cơn mưa lướt đi thật nhanh mercedes màu xanh không biết khi nào trời tạnh mercedes màu xanh đi về hướng long_thành mercedes màu xanh bên trong mercedes màu xanh brother_brother_brother_brother brother_brother_okay_okay okay_okay_okay_okay,CLEAN,CLEAN
câu_chuyện cuộc_đời mà viết thành nhạc hay vậy thì wowy quá tuyệt,CLEAN,CLEAN
em thích giai_điệu rap này và cũng thích aminh hơn_cường_đl gì đó cũng là giàu nhưng vẻ mặt_khác nhau bài này cứ nhớ lại ngày_xưa ngày hay nghe rap dizz và love like 2009 thời mấy a rap love là vì gái cua gái có gái rồi nghỉ rap dân_chơi nửa_mùa còn mình wy đến bây_giờ,CLEAN,CLEAN
phải nói thật là trong tất_cả các rapper đã nổi_tiếng như karik hay binz_thì wowy là người mình bất_ngờ nhất nghe từ hồi còn ở under mình cũng đã thích rồi nhưng_mà nổi_tiếng như bây_giờ thì mình ko ngờ,CLEAN,CLEAN
nghe ấm lòng quá,CLEAN,CLEAN
minh nhựa đặt wowy viết một bài cho mình từ lâu rồi nhé bài hát là kết_quả của việc wowy đã quá hiểu anh minh khi hai anh_em làm_bạn qua nhiều năm nịnh mà được bài hát đẳng_cấp này thì cũng quá hay rồi,CLEAN,HATE
lyrics_wowy bình_dị đi vào lòng người,CLEAN,CLEAN
bài này lời hay quá replay cả chục lần cám_ơn anh wowy nhiều lắm,CLEAN,CLEAN
your music is so good,CLEAN,CLEAN
cảm_ơn anh nhờ bài hát em được nhận rất nhiều lì_xì,CLEAN,CLEAN
rap quá tuyệt beat hay quá,CLEAN,CLEAN
mấy nay tự_nhiên thích nghe bài này có_lẽ vì chạm tới cảm_xúc vì có 1 ng brother ng việt_nam tốt hơn 1 ng brother quốc_tịch mĩ,CLEAN,CLEAN
đúng là lão đại chân_chất đến làm người ta phải ngây_ngất,CLEAN,CLEAN
beat êm tai quá một wowy tình_cảm hehe,CLEAN,CLEAN
mỗi khi nghe tơi câu ngủ ngon yên_giấc vơi đứa trẻ trên lầu thi minh lai cảm_thấy có_lẽ mình cũng đã và đang rất hạnh_phúc rồi cuộc_sống sẽ chẳng bao_giờ hoàn_hảo lên phải_biết cách bằng_lòng vơi nhưng gi mình đang co,CLEAN,CLEAN
bài hay nghe nhẹ_nhàng like,CLEAN,CLEAN
giọng rap rất chân_thành tình_cảm,CLEAN,CLEAN
vần đơn đơn_giản mà hay đây là chất riêng của a ấy,CLEAN,CLEAN
quá ngưỡng_mộ tình anh_em bạn_bè của wowy và minh_nhựa,CLEAN,CLEAN
anh dùng vần đơn hay nhất thế_giới luôn á anh wowy em nghe rap bấy_lâu_nay mà em chưa bao_giờ nghe được 1 bài full vần đơn như là văn đọc như_vậy hay quá_anh,CLEAN,CLEAN
lần đầu gặp và đi hát vs a ở bmt a rất dễ gần hoà_nhã sau vài lần đi chơi chung nghe cái nga nói mới ngẩn người ra biết a là minh_nhựa,CLEAN,CLEAN
diamond_coin màu xanh 30 tỷ lướt đi thật nhanh diamond_coin màu xanh tình bạn đẹp tuột_dốc không phanh công_nhận tụi nó chế lại hay thật kkk,CLEAN,CLEAN
không biết tại_sao em lại cảm_thấy xúc_động khi nghe bài hát này chắc tại em mau_nước_mắt em chúc 2 anh thành_công trong tất_cả,CLEAN,CLEAN
quả_thật đây đúng chất đỉnh_cao của 1 bài rap nịnh ráp bợ_đít rất tuyệt khi nghe cho dễ ẻ,CLEAN,CLEAN
tình anh_em thật đẹp những tâm_sự trong lòng chỉ cần người thấu_hiểu ngưỡng_mộ quá,CLEAN,CLEAN
một trong bài rap hay nhất trong lịch_sử rap của việt_nam,CLEAN,CLEAN
chất từng câu chữ hay quá a wy,CLEAN,CLEAN
ido vẫn như xưa chúc anh luôn thành_công,CLEAN,CLEAN
level cao hơn của battle rap là diss còn đối_với battle khen là rap nịnh cũng mừng a với type mới này,CLEAN,OFFENSIVE
wowy de thương quá chúc tình bạn cao quy của hai ban ben vung,CLEAN,CLEAN
wy rap chắc thật rap cực_kì chân_thật rap như đang nói truyện vậy đỉnh quá a ơi,CLEAN,CLEAN
nhạc anh wowy đơn_giản chất anh wowy thật dễ_thương,CLEAN,CLEAN
nghe thấy bình_dị dễ_thương quá 2 anh ơi,CLEAN,CLEAN
ôi quả nhạc đẹp quá chill kinh_khủng,CLEAN,CLEAN
* em mê rap a wy lắmmm con trai em 1 tuổi thôi mà nghe bài này của chú wy là nhảy à * * riêng bài này với bài thiên_đàng e nghe chắc mấy trăm lần rùi á *,CLEAN,CLEAN
ô tổ rap nịnh,CLEAN,HATE
cứ đơn_giản mộc_mạc như này là được rồi anh wowy ơi,CLEAN,CLEAN
đến giờ này e nghe lại vẩn thấy ý_nghĩa nhiều lúc mình gục ngã trong cuộc_sống này lắm nhưng khi nghe bài này e có cảm_giác là dù có chuyện gi đi nửa thì minh củng_cố gắng cảm_ơn a đa ra bài nay,CLEAN,CLEAN
nhờ anh mà em mới được tiếp_cận với thể_loại rap nịnh này thực_sự quá mới_mẻ anh ạ cám_ơn anh quao quỳ,CLEAN,CLEAN
bài chill quá anh ơi replay nghe làm_việc,CLEAN,CLEAN
không quan_trọng con đó người là ai k quan_trọng đến từ đâu chỉ cần làm mọi thứ với cái tâm và bằng trái_tim mọi thứ thật dễ đi vào lòng người love you,CLEAN,CLEAN
hiểu tại_sao ríc nhắc tới quý là muốn bỏ về,CLEAN,CLEAN
một trường_phái nhạc rap rất đời không giống một ai trong thế_giới rapviet_nhưng nói nghe nè wowy nhạc của wy như_vầy sao fan nói wy đừng có lo nhạc đơn_giản mà thâm_sâu wy sẽ được triệu view ye ye,CLEAN,CLEAN
qá tuyệt_vời rap là thật,CLEAN,CLEAN
một bài rap nịnh quá chất_lượng rì sờ péc chúa nịnh,CLEAN,CLEAN
lời nhạc nghe có_vẻ hơi nịnh nhưng wowy chân_thật và muốn nói lên những gì wowy suy_nghĩ nhé trc bài này wowy cũng có ra bài nhỡ nah 1 trong những ng ae của wowy và là ng dẫn_dắt wowy lúc đầu k thể gọi là nịnh đc vì nah lúc đó cũng đã bị khai_tử khỏi vn và ko có lợi_ích gì để phải nịnh cả,CLEAN,CLEAN
thế_giới này là của anh và anh có quyền đi với em bật tất_cả đèn_xanh anh chạy thật nhanh trên con mẹc xe đéc màu xanh,CLEAN,CLEAN
bài hát này thực_sự rất tạo động_lực cho em dù hiện_tại em chỉ là kia morning màu xanh thôi nhưng hy_vọng một ngày nào đó sẽ có mercedes,CLEAN,CLEAN
quá hay người đàn_ông luôn cười như a minh_có_lẽ có nhiều thứ muốn tâm_sự nhưng chả bao_giờ nói ra respect,CLEAN,CLEAN
thích wowy vì nghe rất rõ lời từng câu chữ,CLEAN,CLEAN
bài này hay quá áp_lực điều_hành doanh_nghiệp rất lớn,CLEAN,CLEAN
mỗi lần stress mở bài này lại phì_cười,CLEAN,CLEAN
nhưng_mà anh không biết viết rap bài tỏ nổi lòng như wowy_lời nhạc này sẽ không được hát nếu_như anh minh không có tiền tỷ,CLEAN,CLEAN
thật_sự một bài hay như thế_này mà đến giờ mình mới biết quả là lạc_hậu nhưng sao mình thấy có nhiều bạn cmt bảo là rap nịnh rap bợ_đít các thứ vậy với quan_điểm của mình thì mình nghĩ đây là 1 bài rap nâng bi chứ ko hề nịnh hay bợ_đít như các bạn nói,OFFENSIVE,HATE
sáng nay thức dậy nghe được bài nhạc mới của wowy tôi như có thêm nhiều niềm vui và hạnh_phúc ở năm mới,CLEAN,CLEAN
một bài rap bợ bi cực mạnh đến từ vị_trí của hlv rap_việt_mẹc ce đét màu xanhhhhh,CLEAN,HATE
thật_sự em mới biết anh qua rap_việt và sau khi biết anh thật_sự em quá thần_tượng anh 3,CLEAN,CLEAN
a wowy sống tình_cảm thiệt,CLEAN,CLEAN
xe a lái không_thể quay đầu khác với người ta điều đơn_giản mà a mong cầu ngủ ngon yên_giấc với đứa trẻ đang ở trên lầu,CLEAN,CLEAN
bọn anti fan nói đây là ráp nịnh z nịnh chổ nào 2ae quý nhau lm bài ráp tri_ân chúc_mừng sn a minh là nịnh ak a ww đi lên từ 2 bàn_tay trắng nhờ thực_lực của mình mới có ngày hôm_nay chứ có xin_xỏ nịnh_bợ j ai những loại người ko lm đc j cứ vô sân_si hạ_bệ người khác có khác j bọn tiểu_nhân đâu xem_lại bản_thân mình đi có tốt_lành j ko,OFFENSIVE,CLEAN
happy_new_year to wowy_an easy listening song with the meaningful lyrics and melodies to ur_bro relationships its touched,CLEAN,CLEAN
đó là rap tiếng nhạc nói lên tiếng lòng chắc a minh sẽ hài_lòng vì wowy đã thấu_hiểu giúp a good choop,CLEAN,CLEAN
bỗng_nhiên đang học online lại muốn nghe anh wowy rap thêm vài bài cho đã cái nư,CLEAN,CLEAN
anh minh mà ko giàu còn lâu mới rap tặng nha chắc catse cũng được 1 con mẹc nên rap nhiệt_tình,CLEAN,CLEAN
ước gì mình cũng có 1 ông anh như anh minh nhựa để có động_lực viết rap,CLEAN,CLEAN
tuyệt_vời,CLEAN,CLEAN
giai_điệu lời nhạc tình_cảm nhẹ_nhàng hay quá anh wy ơi,CLEAN,CLEAN
một bài rap có hồn,CLEAN,CLEAN
mặc_dù viết tặng cho brother nhưng thật_sự hay quá ý_nghĩa tuyệt_vời,CLEAN,CLEAN
wowy vietsub vui_vẻ brother vui_vẻ tiếp yêu_kênh và tất_cả kể_cả anh_minh nhựa nguồn tự sáng_tác phúngu uno biết_ơn tất_cả ạ,CLEAN,CLEAN
trước rap nghe là phải chất giờ nghe rap nịnh kiểu này thấy nhẹ_nhàng như nghe acoustic vậy,CLEAN,OFFENSIVE
nghe hay quá anh wowy ơi,CLEAN,CLEAN
cần gì skill này_nọ tui chỉ cần như_vậy là đủ thấm nhẹ_nhàng dễ nghe respect_wowy,CLEAN,CLEAN
tuyệt_vời quá hay quá ý_nghĩa khi bạn quá giàu thì bạn lại muốn một cuộc_sống đơn_giản và yên_bình bên gia_đình và những người bạn,CLEAN,CLEAN
cảnh cuối trong mv đẹp quá thay nhưng bộ_đồ đẹp siêu xe và nhà to a minh ăn_mặc giản_dị bước ra trong 1 ngôi nhà nằm kế sườn đồi nhìn thanh_thản nhẹ_nhàng,CLEAN,CLEAN
wowy làm hlv là chuẩn tại wy có một skill mà các hlv kia không có đó là rap_nịnh và vần_đơn,CLEAN,HATE
quá hay chúc_mừng a wy,CLEAN,CLEAN
hay lắm wowy,CLEAN,CLEAN
bài này dễ nghiện thật hay lắm a ơi,CLEAN,CLEAN
quá hay nghe đi nghe lại cả 20 lần,CLEAN,CLEAN
âm_hưởng kiểu thánh_ca vậy dịu_dàng êm_dịu,CLEAN,CLEAN
cứ nghe bài rap nịnh của a wowy là e lại thấy yêu_đời hơn,CLEAN,CLEAN
càng nghe càng thấy thấm,CLEAN,CLEAN
h nghe lại thấy nhẹ_nhàng hay,CLEAN,CLEAN
điều đơn_giản mà anh mong cầu ngủ ngon yên_giấc với đứa trẻ đang ở trên lầu 1 câu thật_sự nhiều cảm_xúc,CLEAN,CLEAN
wowy người sáng_tạo trường_phái rap nịnh rap hay chill,CLEAN,CLEAN
em vẫn còn nghe giai_điệu nhẹ nhành sáng nào em cũng mở bài này với bài hoa hướng_dương,CLEAN,CLEAN
nghe đi nghe lại mãi k thấy chán,CLEAN,CLEAN
1 ngày nghe 80 chục lần quá thik giai_điệu lun,CLEAN,CLEAN
anh tôi rap nịnh hay thế_mà mọi người cứ chê,CLEAN,CLEAN
nhẹ_nhàng ko ồn_ào mãi thích a từ đó đến giờ,CLEAN,CLEAN
sâu_sắc respect wowy,CLEAN,CLEAN
2 chú cùng họ phạm mà mình rất hâm_mộ chú phạm_trần_nhật_minh và chú phạm_nhật_vượng_họ phạm nhiều người tài_giỏi quá,CLEAN,CLEAN
wowy_take it easy cuộc_sống không có gì dễ anh phải cố_gắng rất nhiều mà xe của anh không có chỗ để ê,CLEAN,CLEAN
mong a hat bài này 1 lần trên sân_khấu lớn nào đó,CLEAN,CLEAN
tôi thích wowy vì chất rap rất đời và ít sử_dụng ngoại_ngữ vào rap,CLEAN,CLEAN
hay quá lạnh lạnh nghe bài này phiêu quá anh wy ơi,CLEAN,CLEAN
chỉ nghe thấm nổi nhạc wowy thôi,CLEAN,CLEAN
mỗi khi buồn t đều bật bản_nhạc này lên nó đã chạm đến dây_thần_kinh của tôi,CLEAN,CLEAN
hồi mình học lớp 10 thì mê wy đúng theo cái tuổi mới lớn bài rap nào cũng tao tao tao nhưng giờ cái tuổi cũng khác mê wy theo cái lời rap mộc_mạc gần_gũi,CLEAN,CLEAN
ai còn nghe và vẫn luôn ở cùng wowy từ những ngày đầu giơ tay,CLEAN,CLEAN
hay qá lão đại phong cách riêng biệt trong làng rap không nhanh không chậm nhưng đủ để vào tai khán giả yêu anh wa wy,CLEAN,CLEAN
beat nghe nghiền quá,CLEAN,CLEAN
mặc_dù không hề thích nhạc wowy một_tí nào cơ_mà công_nhận bài này nghe nhiều thấy hay_hay á v,CLEAN,CLEAN
khác với người ta xe anh không_thể quay đầu câu này chạm được tôi,CLEAN,CLEAN
anh wy sống quá tình_cảm ngưỡng_mộ 2_anh,CLEAN,CLEAN
bài rap nịnh chất quá_anh,CLEAN,CLEAN
nhạc của lão đại lúc_nào củng có chiều sâu nghe thấm từng câu từng chữ,CLEAN,CLEAN
beat hay quá ạ,CLEAN,CLEAN
không biết tại_sao nhưng nhắm_mắt lại nghe bài này rất là nhẹ_nhõm,CLEAN,CLEAN
quá hay anh ơi,CLEAN,CLEAN
chúc_mừng tình bạn thật đẹp của 2_anh,CLEAN,CLEAN
wowy đem âm_nhạc bình_dị đến mọi người không phân_vai vế giàu nghèo học_vấn rất đậm chất việt_nam để đổi lại mấy thằng nghèo_nàn thất_học và thất_bại đó quay lại chửi anh và ghen_tức với những thành_công của anh _,OFFENSIVE,CLEAN
thời_gian ra nhạc cũng đỉnh hơn người khác good joobb lão đại,CLEAN,CLEAN
mãi_mãi là idol trong lòng của em,CLEAN,CLEAN
hôm_nay anh_em bên nhau bái dú thì mai này nếu lỡ có xung_đột hãy luôn giành những lời tốt_đẹp cho nhau nhé anh wy,CLEAN,CLEAN
quan_trọng là mày làm thế_nào nịnh ngta nghe wowy mãi đỉnh em biết a sẽ nổi_tiếng hơn từ 10 năm trước r,CLEAN,CLEAN
càng nghe càng cuốn,CLEAN,CLEAN
bài ráp gang về tình huynh_đệ cực cháy bọn mày flexing về cái gì về thằng bạn xì_ke thằng em dao_búa hay con ghệ hở_hang so thế_nào với bạn anh wowy nhà tao,HATE,CLEAN
buổi sáng nghe nhạc anh ww xong thấy tích_cực lắm fighting wowy fighting anh_minh,CLEAN,CLEAN
bài hát tặng người ae của mình đầy_đủ tình_cảm như thế_này mà_còn có những người buông lời khó nghe thật ko hiểu s cho vừa_lòng người,CLEAN,CLEAN
hay quá a wy ơi mãi đỉnh anh nhé,CLEAN,CLEAN
nghèo tiền nghèo bạc đã khổ_tâm trí còn nghèo_nàn nữa thì chịu nói thiệt thì mất_lòng,CLEAN,CLEAN
bài hát thấm_thía sự trưởng_thành ko dành cho trẻ trâu,OFFENSIVE,CLEAN
cứ nge hoài á hay lắm a wowy,CLEAN,CLEAN
mình mới biết đến rap cũng nhờ những bài của lão đại_cảm ơn wowy rất nhiều …,CLEAN,CLEAN
bài này hay quá,CLEAN,CLEAN
diamond coin màu xanh qua đây nghe nhạc của chú nghe phê quá chú ơi nghe rất nhẹ_nhàng đã tai và rất tâm_tình,CLEAN,CLEAN
wowy bài nào cx hay vài năm trước huy_hoàng wá,CLEAN,CLEAN
chúc cho tình anh e của a minh a wy chị thư chị di luôn_luôn bền_vững để e còn dc nghe bài hát về chị di và chị thư nữa,CLEAN,CLEAN
thích_rap theo cách này thật gần_gũi nhưng tinh_tế,CLEAN,CLEAN
vẫn cứ rap dễ nghe như_vậy wowy,CLEAN,CLEAN
cuộc_sống không có gì dễ nhưng xe anh không có chổ để,CLEAN,CLEAN
rap_nịnh lâu_lâu nghe lại vẩn đỉnh tôi ước tôi có khả_năng nịnh như bạn,CLEAN,HATE
nói_wowy nịnh cũng được nhưng cái quan_trọng là nịnh mà thật_tình hay là nịnh xạo l * cái đó chỉ có wowy biết mà thôi wowy keep moving,CLEAN,CLEAN
k phải viết cho mình mà vẫn cứ thích nghe làm động_lực cho bản_thân luôn,CLEAN,CLEAN
thích kiểu rap nhẹ_nhàng như_vậy chứ mà đọc nhanh la_ó nhứt đầu lắm,CLEAN,CLEAN
rất hay nghe mãi ko chán chỉ 1 từ chất,CLEAN,CLEAN
ko hiểu sao tôi nghe lần đầu thấy vui vui hài hài mà càng nghe càng thấy nó hay ta,CLEAN,CLEAN
em thề với anh wy và anh minh ngày nào em cũng nghe để lấy động_lực mai_mốt giàu như các anh còn đi cafe với 2 anh nữa nợ 2 anh 1 cuộc nhậu,CLEAN,CLEAN
chúng_ta hằng mong_ước thoát khỏi hoàn_cảnh nghèo_khó để đến với cuộc_sống giàu_có để xoá_nhoà sự mệt_nhọc những ngày cực_khổ nhưng_mà tưởng_chừng đã thoát được sự mệt_nhọc về thể_xác ai nào biết khi trở_nên giàu_có thì chúng_ta lại vướng vào có áp_lực về tinh_thần điều cuối_cùng chúng_ta nhận ra sau một quá_trình chỉ đơn_giản vọn vẹn là có cho mình giấc_ngủ bình_yên thanh_thản mỗi đêm respect anh wy,CLEAN,CLEAN
bài này quá hay luôn anh wy ơi nghe mà nổi da_gà,CLEAN,CLEAN
hay anh wy ơi em sẽ luôn ủng_hộ anh,CLEAN,CLEAN
xuất_sắc quá mấy a,CLEAN,CLEAN
sao mình mê bài này thế mn ơiiiiiii,CLEAN,CLEAN
mong a đọc được bài này mong a ra mv 1 điếu nhé 1 bài hát hay ý_nghĩa a ạ,CLEAN,CLEAN
đang táo_bón nghe xong hết cmn luôn cảm_ơn ww,HATE,HATE
bài hát hay dễ_thương quá hy_vọng bài này sớm được lên top,CLEAN,CLEAN
rất thích bài hát này,CLEAN,CLEAN
bỏ_qua lyric thì cái beat n đỉnh trờiii,CLEAN,CLEAN
văn mẫu rap hay nhất mọi thời_đại,CLEAN,CLEAN
lyrics chất vê lờ qao quy ơi,CLEAN,CLEAN
ai vẫn nghe quao quỳ nịnh hằng ngày dơ tay,CLEAN,CLEAN
anh wowy dạo này hướng tới rap chill rồi chắc nên tập quen dần,CLEAN,CLEAN
wowy đã trở_lại có nhạc để nghe r,CLEAN,CLEAN
tìm rap bợ_đít thấy bài này ở đầu luôn ạ a vẫn mãi là wowy mà e hâm_mộ từ xưa nhạc hay thực_sự,CLEAN,CLEAN
mấy bố cứ kêu ngta nịnh này nịnh nọ thật chứ nịnh mà cũng đc ké miếng cháo miếng cơm của anh minh thì mình cũng sẵn_sàng nịnh anh minh luôn mà ai rồi cũng phải cơm_áo_gạo_tiền thôi mng phải thông_cảm cho ngta chứ,CLEAN,CLEAN
chỉ có_thể là lão đại,CLEAN,CLEAN
hay quá a wy ơi,CLEAN,CLEAN
ui sao mình nghe bài này thấy hay dễ_sợ luôn í luôn tôn_trọng anh wowy vì chất nhạc của_anh,CLEAN,CLEAN
câu này đơn_giản nhưng thiệt nhiều ấn ý anh đã chạy xa xe anh lái không_thể quay đầu,CLEAN,CLEAN
làm_sao để bày_tỏ nổi lòng như wowy anh chất quá a ơi,CLEAN,CLEAN
bị mất_ngủ từ lâu bỗng phát_hiện nghe nhạc wowy ngủ được,CLEAN,CLEAN
một món đến từ wovy lão đại có_một_không_hai tuyệt_vời,CLEAN,CLEAN
đẳng_cấp ráp nịnh number one,CLEAN,CLEAN
gửi tới wowy_cố gắng lên nhé đừng nản_lòng,CLEAN,CLEAN
3h chiều mở nhạc của anh lên mở bài rap viết về nah anh minh tình_cảm thật nhiều ko thua j rap love nhưng đẹp hơn em yêu anh thiệt nhiều nha wowy_mở trend rap nịnh luôngggg,CLEAN,CLEAN
thực_sự wowy ráp bài này rất hay,CLEAN,CLEAN
nịnh hay không 0 quạn trọng quan_trọng là nhạc hay đc r,CLEAN,CLEAN
bài này hay 1 phần nhờ beat beat chill thật_sự đấy nghe kiểu rất êm_dịu nhé nhưng_mà công_tâm mà nói lyrics của wowy hay đó chứ,CLEAN,CLEAN
nghe bị nghiện cơ,CLEAN,CLEAN
quá hay và xúc_động tình bạn hay tình em cũng là rất tuyệt_vời,CLEAN,CLEAN
wowy rap đỉnh thật_sự chậm_rãi câu nào ra câu đó nghe rất rõ dễ hiểu,CLEAN,CLEAN
thực_sự rất thích videos này nhạc wowy thì là gu rồi còn videos đơn_giản nhưng rất tuyệt,CLEAN,CLEAN
chuẩn_bị đón mv chúc_mừng sinh_nhật a minh_nhựa vào năm 2022,CLEAN,CLEAN
theo mình cảm_nhận thì bài hát này wowy thiên về tình_cảm thiệt sự,CLEAN,CLEAN
nghe bài này cực thư_giãn và yêu_đời hơn lão đại làm thêm vài bài như này nữa thì tuyệt,CLEAN,CLEAN
lại một siêu phẩm nữa hay và ý_nghĩa quá a ơi,CLEAN,CLEAN
nghe hoài nghe mãi hãy quá anh ơi,CLEAN,CLEAN
hay thật_sự a ạ nghe lần đâu có hơi khó_chịu bởi con mẹc xe đét màu xanh nhưng n ám_ảnh khiến e quay ra thích,CLEAN,CLEAN
lão đại rap có khác mãi chất,CLEAN,CLEAN
tung_hô rap cho cố nào có sức_mạnh tinh_thần có chiều sâu nhân_văn rap nghe n ứng card rap như i,OFFENSIVE,CLEAN
em luon ung ho anh wovy anh ca lai lai bai thien dang,CLEAN,CLEAN
đúng chất wowy tuyệt_vời,CLEAN,CLEAN
càng nghe càng ghiền,CLEAN,CLEAN
bài này vui tại quá hiện_tại tui vẫn nghe,CLEAN,CLEAN
ai quay lại sau khi a minh mua tác_phẩm số 5 của team ww,CLEAN,CLEAN
đơn_giản mà nghe cứ bị cuốn nhỉ,CLEAN,CLEAN
tui chả bao_giờ biết nịnh ai bài này tui ca đuọc,CLEAN,CLEAN
bài hát tăng anh minh không_thể chất hơn được hay quá wuy ơi,CLEAN,CLEAN
nghe bài này lòng nhẹ hẳn ra,CLEAN,CLEAN
wowy ngày_xưa ae mỗi khi gặp tao cầm bia cụng bay nắp wowy bây_giờ tới để gặp anh_minh tìm 1 ly cafe,CLEAN,CLEAN
brother brother brother wowy tới để gặp anh minh_tìm một ly cà_phê xe anh để trước nhà_nhà nhỏ mà xe to anh luôn sống như_vầy sao anh nói wy đừng có lo anh mới mua một căn kế bên để cho chiếc xe mà anh mới có anh_minh mời wy zô thăm nhà nà từ_từ cho nó thong_thả giới_thiệu wy khắp các phòng và kể về những nỗi_lòng rằng anh đã sống ra sao trước anh ở nhà thuê giờ anh mới mua được nhà có cuộc_sống mà nhiều người mê nói thiệt hay anh giỡn chơi yeah anh nói thiệt anh theo đạo không nói xạo lâu_lâu anh nhây em đừng có quạo wowy take it easy cuộc_sống không có gì dễ anh phải cố_gắng rất nhiều mà xe của anh không có chỗ để ayy thôi đi theo anh ra ngoài kia mình đi cà_phê lên trên con xe bật nhạc mình nghe tới chiều mình về nhấn lên chân ga trên cao_tốc anh chạy thật nhanh về hướng long_thành trên con mercedes màu xanh mercedes màu xanh trong cơn mưa lướt đi thật nhanh mercedes màu xanh không biết khi nào trời tạnh mercedes màu xanh đi về hướng long_thành mercedes màu xanh bên trong mercedes màu xanh điều mà anh làm được đẩy vốn công_ty lên vài chục ngàn tỉ nhưng_mà anh không_thể viết rap bày_tỏ nỗi_lòng như wowy_con tim anh chết lặng bờ vai đang rất nặng làm_sao duy_trì điều đó trán anh tăng thêm vài vết nhăn mọi người nhìn xe anh bên ngoài mỗi khi anh đi vào bên trong anh cười tươi rất thoải_mái chỉ để an_ủi ở trong lòng nhưng họ không hề biết có những điều đáng tiếc đôi_khi cũng chỉ vì stress có những đêm anh chết ở trong phòng anh mua thêm bugatti_pagani_lamborghini_danh tiếng anh tăng thêm vài bậc nhưng nói em nghe nè wowy_cái anh muốn không phải chiếc xe đó là cách anh xử_lý stress công_việc của anh áp_lực and that s why i do the best anh đã chạy xa xe anh lái không_thể quay đầu khác với người ta điều đơn_giản mà anh mong cầu ngủ ngon yên_giấc với đứa trẻ đang ở trên lầu hy_vọng sáng_mai tỉnh dậy anh biết được mình đang ở đâu thôi đi theo anh ra ngoài kia mình đi cà_phê lên trên con xe bật nhạc mình nghe tới chiều mình về nhấn lên chân ga trên cao_tốc anh chạy thật nhanh về hướng long_thành trên con mercedes màu xanh mercedes màu xanh trong cơn mưa lướt đi thật nhanh mercedes màu xanh không biết khi nào trời tạnh mercedes màu xanh đi về hướng long_thành mercedes màu xanh bên trong mercedes màu xanh mercedes màu xanh trong cơn mưa lướt đi thật nhanh mercedes màu xanh không biết khi nào trời tạnh mercedes màu xanh đi về hướng long_thành mercedes màu xanh bên trong mercedes màu xanh brother_brother_brother_brother brother_brother_it s okay okay okay it s okay okay okay,CLEAN,CLEAN
khung_cảnh giản_dị chỉ tập_trung vào lời nhạc nếu có bài về anh wy và karik làm trên giai_điệu này thì hay biết_mấy vì e ko biết gì về a minh nên nghe cảm_giác ko có cảm_xúc nhiều nhưng thực_sự rất thích giai_điệu này,CLEAN,CLEAN
giờ nghe vẫn hay lắm chú,CLEAN,CLEAN
nhiều người noi rap nịnh nhưng với mình bài rap hay nói đùng nỗi_lòng của người mà mọi người từng nghĩ họ sẽ sung_sướng,CLEAN,CLEAN
đọc tựa đề thì tôi ngại vô xem hôm_nay vô nghe bài a rym c suboi xong nghe bài này thì chill và có động_lực thật_sự ng giàu đâu phải nhìn vào thấy sướng đâu stress công_việc và có nhiều tâm_tư lắm nhất_là khi họ ít có thời_gian để la_cà hơn như chúng_ta,CLEAN,CLEAN
làm thêm bài gửi đến smo đi ww,CLEAN,CLEAN
2 anh dễ_thương quá,CLEAN,CLEAN
anh wowy đáng yêu,CLEAN,CLEAN
nghe cực cực_kì thích luôn,CLEAN,CLEAN
nghe bài này em thích ghê càng thành_công càng cô_đơn,CLEAN,CLEAN
nghe êm tai phết,CLEAN,CLEAN
lập nguyên tới để gặp a wy tiềm 1 kểu nịnh mới để vào dc vòng trong,CLEAN,CLEAN
bài rap hay ko tả được ước có_thể viết 1 bài như_vậy cho bạn mình,CLEAN,CLEAN
mặc_kệ chúng_nó nói bài này quá hay,CLEAN,CLEAN
fan anh đc 5 năm rất thương anh vì cho_dù anh có bị công_kích hay nói_xấu anh cũng ko bao_giờ lên_tiếng,CLEAN,CLEAN
nghe 1 lần rồi qua_ngày mai nghiện luôn,CLEAN,CLEAN
thực_ra bài rap rất cuốn anh_minh cũng là thần_tượng của em e thấy bài này cũng rất thua vị,CLEAN,CLEAN
lão đại mãi trong tim,CLEAN,CLEAN
xử_lý tress bằng thể_hiện đam_mê hay quá_anh,CLEAN,CLEAN
hay quá anh à,CLEAN,CLEAN
0 sexy 0 expensive item 100 talent,CLEAN,CLEAN
hay quá cảm_ơn wowy,CLEAN,CLEAN
wowy hat 1 câu rất hay giống mình nghĩ cách a mua xe là để xử_lý tress chứ không phải vì chiếc xe giờ mình mới ngẫm câu này hợp với mình xin cảm_ơn bạn,CLEAN,CLEAN
bài này nghe hay bà chill thật mọi người ơi đừng nói lời cay_đắng chill nhạc đi,CLEAN,CLEAN
nghe bài này man_mác buồn đúng chất đời,CLEAN,CLEAN
đúng như ổng nói ổng nghèo thì ko đc phép có bạn là người giàu_có à trời cứ bảo rap nịnh mấy ông cứ ghen_ăn_tức_ở chán thế,OFFENSIVE,CLEAN
brother brother brother wowy tới để gặp anh minh_tìm một ly cà_phê xe anh để trước nhà_nhà nhỏ mà xe to anh luôn sống như_vầy sao anh nói wy đừng có lo anh mới mua một căn kế bên để cho chiếc xe mà anh mới có anh_minh mời wy zô thăm nhà nà từ_từ cho nó thong_thả giới_thiệu wy khắp các phòng và kể về những nỗi_lòng rằng anh đã sống ra sao trước anh ở nhà thuê giờ anh mới mua được nhà có cuộc_sống mà nhiều người mê nói thiệt hay anh giỡn chơi yeah anh nói thiệt anh theo đạo không nói xạo lâu_lâu anh nhây em đừng có quạo wowy take it easy cuộc_sống không có gì dễ anh phải cố_gắng rất nhiều mà xe của anh không có chỗ để ayy thôi đi theo anh ra ngoài kia mình đi cà_phê lên trên con xe bật nhạc mình nghe tới chiều mình về nhấn lên chân ga trên cao_tốc anh chạy thật nhanh về hướng long_thành trên con mercedes màu xanh mercedes màu xanh trong cơn mưa lướt đi thật nhanh mercedes màu xanh không biết khi nào trời tạnh mercedes màu xanh đi về hướng long_thành mercedes màu xanh bên trong mercedes màu xanh điều mà anh làm được đẩy vốn công_ty lên vài chục ngàn tỉ nhưng_mà anh không_thể viết rap bày_tỏ nỗi_lòng như wowy_con tim anh chết lặng bờ vai đang rất nặng làm_sao duy_trì điều đó trán anh tăng thêm vài vết nhăn mọi người nhìn xe anh bên ngoài mỗi khi anh đi vào bên trong anh cười tươi rất thoải_mái chỉ để an_ủi ở trong lòng nhưng họ không hề biết có những điều đáng tiếc đôi_khi cũng chỉ vì stress có những đêm anh chết ở trong phòng anh mua thêm bugatti_pagani_lamborghini_danh tiếng anh tăng thêm vài bậc nhưng nói em nghe nè wowy_cái anh muốn không phải chiếc xe đó là cách anh xử_lý stress công_việc của anh áp_lực and that s why i do the best anh đã chạy xa xe anh lái không_thể quay đầu khác với người ta điều đơn_giản mà anh mong cầu ngủ ngon yên_giấc với đứa trẻ đang ở trên lầu hy_vọng sáng_mai tỉnh dậy anh biết được mình đang ở đâu thôi đi theo anh ra ngoài kia mình đi cà_phê lên trên con xe bật nhạc mình nghe tới chiều mình về nhấn lên chân ga trên cao_tốc anh chạy thật nhanh về hướng long_thành trên con mercedes màu xanh mercedes màu xanh trong cơn mưa lướt đi thật nhanh mercedes màu xanh không biết khi nào trời tạnh mercedes màu xanh đi về hướng long_thành mercedes màu xanh bên trong mercedes màu xanh mercedes màu xanh trong cơn mưa lướt đi thật nhanh mercedes màu xanh không biết khi nào trời tạnh mercedes màu xanh đi về hướng long_thành mercedes màu xanh bên trong mercedes màu xanh brother_brother_brother_brother brother_brother_it s okay okay okay it s okay okay okay,CLEAN,CLEAN
new lyrics wao wi tới để gặp johnny xin cái hột chục ly hột xoàn để đầy nhà_nhà nhỏ mà hột to a lun sống như zầy sao a nói wi đừng có thó a mới mua 1 căn kế bên để a nuôi thêm con chó mới có johnny mời wi zô thăm nhà từ_từ chứ đừng có thó giới_thiệu wi hết các phòng và kể_lể rất lòng_vòng rằng a đã sống ra sao trước a đi làm nail giờ a mới bán hột xoàn có cuộc_sống đầy huy_hoàng nói thiệt hay a giỡn chơi yeah a nói xạo a theo đạo nên hay nói xạo nên lâu_lâu a láo e đừng có wạo,CLEAN,HATE
nghe hơn 30 lần không lần nào dính quảng_cáo respect,CLEAN,CLEAN
nếu có nịnh thì người ta cũng chẳng dại làm cả bài nhạc_công_khai lên cho cả thế_giới thấy mình nịnh_nọt khó hiểu mấy ông từ đâu ra vào kêu rap nịnh toxic vl đừng suy từ cái lòg ích_kỉ hạn_hẹp ra mà gán vào tất_cả những người khác người giàu thì k xứng_đáng có bạn_bè có người em mến_mộ à nghệ_sĩ thì k được quyền lưu_giữ lại kỉ_niệm của mình dùng tài_năng của mình để tặng món quà cho người khác à ông anh này giàu nhưg câu_chuyện của ông anh này truyền_cảm hứng thì ông rapper này k có quyền bày_tỏ à lỡ có cái cảm_hứng r thì ngta muốn biến thành bài nhạc và tri_ân là chuyện ngta nếu_mà đây kp ông minh_nhựa mà thành một ông nào nghèo hơn đi thì cũng chả ai quan_tâm đâu nhưng cư_dân mạng toxic và bất_bình_đẳng vậy đó bất_kì ai xung_quanh cái nhà giàu đấy là bợ_đít nịnh_nọt t đ phải fan của ông rapper nào và t chỉ nghe nhạc th bài này t nghe lâu r giờ quay lại mv thấy lắm quả comment mới mới hãm thật_sự xem rap việt từ mùa 1 là thấy tính ông wowy này kiểu nghĩ j nói nấy đôi_khi cảm_ơn dài_dòng quá mức và có nhiều ý_kiến trái chiều khiến nhiều khán_giả tỏ thái_độ nhưng_mà nghệ_sĩ đ nào cũng một màu như nhau mà đ có quan_điểm riêng cách thể_hiện riêng thì rap việt đ bh phát_triển đc bớt toxic đi mấy ông fan thượng_đẳng nghe nhạc thôi chứ kệ mẹ cuộc_sống ngta đi,CLEAN,CLEAN
hay quá a wowy ơi thích anh từ lúc nhỏ nay e đã 30 rồi,CLEAN,CLEAN
từ tiktok qua thăm anh wowy,CLEAN,CLEAN
mà nhạc hay nha nhẹ_nhàng sâu_lắng nghe nó có gì đó cuộn ra từ trong lòng,CLEAN,CLEAN
chúc_mừng thế_giới rap việt lão đại qua_quy mới cho ra dòng nhạc rap mới là rap_nịnh chúc_mừng qua_quy,CLEAN,CLEAN
phải nói lão đại đọc rap kể 1 câu_chuyện đối_thoại giữa 2 người đàn_ông ngắn_gọn nghe mà thấm từng câu,CLEAN,CLEAN
hay quá wowy ơi nhất_là câu anh theo đạo anh k nói xạo chúc 2 anh_em có 1 tình_cảm bền đẹp mãi_mãi,CLEAN,CLEAN
có_lẽ bài này là bài nc ra rất nhiều nổi lòng của minh nhựa nghe rất hay y_như wowy đang thuyết_trình cuộc_sống của anh_minh hiện_tại,CLEAN,CLEAN
brother u one of best rapper alive,CLEAN,CLEAN
hay quá wy ơi,CLEAN,CLEAN
51 05 đời rất dở nhưng tôi vẫn luôn phải niềm_nở,CLEAN,CLEAN
món quà k mua dc bằng tiền trân_trọng 2_anh,CLEAN,CLEAN
a ko cần phải gằn giọng nhảy_nhót phô_trương chỉ cần như_vậy thôi đủ để chúng e yêu a lắm wowy ạ,CLEAN,CLEAN
bài này hay quá anh wy ơi,CLEAN,CLEAN
bài này nghe cuốn vãi a wowy ơi,CLEAN,CLEAN
mãi đỉnh,CLEAN,CLEAN
dễ_thương chịu không nỗi luôn,CLEAN,CLEAN
wowy đã đem đến 1 trường_phái rap mới_đó là rap nịnh,CLEAN,CLEAN
hay lắm mn ạ 1 bài nhạc gửi ng anh thôi mà wowy làm mình cảm_động quá_chừng mãi tym,CLEAN,CLEAN
a hải_âu làm beat nge trong lòng cứ dễ_chịu,CLEAN,CLEAN
anh wy ơi public lên spotify đi anh thích bài này mà đợi mãi,CLEAN,CLEAN
chả hiểu sao mấy cha kia kiu rap nịnh mây tầng nào gặp mây tầng đó thôi người tài_năng cùng người giàu_có chuyện đó không phải hợp_lý mà là rất hợp_lý mấy cha thử rap nịnh coi minh nhựa thèm nghe không,OFFENSIVE,OFFENSIVE
giai_điệu hay lão đại vẫn rất đẳng_cấp,CLEAN,CLEAN
sư_phụ đến gặp anh ba,CLEAN,CLEAN
viết 1 bài rap nịnh,CLEAN,CLEAN
lyrics anh đã có rồi,CLEAN,CLEAN
người nhỏ mà nịnh hay,CLEAN,CLEAN
cứ ra bài mới em lại cày mệt_nghỉ anh oi nhưng nghe mãi hỏng chán,CLEAN,CLEAN
anh wy rap hay quá đéo cần vần luôn mà đúng là lão đại,CLEAN,CLEAN
em thích bài này quá a wy ơi,CLEAN,CLEAN
thích nhất câu quao qy tới để gặp a_minh,CLEAN,CLEAN
một câu_chuyện mà nghe hoài không chán,CLEAN,CLEAN
nhạc hay rất thích wowy,CLEAN,CLEAN
1mv k quá nhiều đầu_tư nhưng tốn nhiều chất_xám tuyệt_vời lão đại,CLEAN,CLEAN
đã được 1 năm nghe bài này mà k chán,CLEAN,CLEAN
đủ độ để chơi với minh_nhựa thì phải biết cách sống của ww ntn rồi các bạn ạ,CLEAN,CLEAN
brother 2 gửi anh vương_phạm_khoa pug tới để tìm vương_phạm tìm con xe_tăng đức xe vương để trước nhà_xe nhỏ mà súng to anh luôn sống như_vậy sao anh nói khoa đừng có lo anh mới tậu 1 con tiêm_kích để san phẳng tiệm đá bào anh vương mời khoa vô nhà từ_từ cho nó thong_thả giới_thiệu khoa khắp các phòng và kể về cây 6 nòng rằng anh đã sống ra sao trước anh ở miền quê giờ anh mua đc xe_tăng có cuộc_sống mà nhiều người mê nói thiệt hay giỡn chơi yeah anh nói thiệt anh theo phật luôn nói thật không nói xạo em đừng có quạo khoa pug say it easy cuộc_sống không có gì dễ anh phải cố_gắng rất nhiều mà tiền của anh không có chỗ để thôi đi theo anh ra ngoài kia mình xử thánh b ú liếm lên con xe_tăng bắt cho tụi nó hết răng nhấn lên chân ga đi cứu khoa pug anh chạy thật nhanh tới tiệm đá bào trên con xe_tăng đức không phanh xe_tăng đức không phanh san phảng tiệm đá bào thật nhanh san phẳng tiệm đá bào trên con xe_tăng đức không phanh troll,CLEAN,CLEAN
wowy hát rất rõ lời dễ nghe mình rất thích nhiều casi hát nuốt_lời chẳng nge gì,CLEAN,CLEAN
mv duy_nhất dùng một cú máy đạt hơn 7tr lượt view,CLEAN,CLEAN
lyric_brother brother brother wowy tới để gặp anh minh_tìm một ly cà_phê xe anh để trước nhà_nhà nhỏ mà xe to anh luôn sống như_vầy sao anh nói wy đừng có lo anh mới mua một căn kế bên để cho chiếc xe mà anh mới có anh_minh mời wy zô thăm nhà nà từ_từ cho nó thong_thả giới_thiệu wy khắp các phòng và kể về những nỗi_lòng rằng anh đã sống ra sao trước anh ở nhà thuê giờ anh mới mua được nhà có cuộc_sống mà nhiều người mê nói thiệt hay anh giỡn chơi yeah anh nói thiệt anh theo đạo không nói xạo lâu_lâu anh nhây em đừng có quạo wowy take it easy cuộc_sống không có gì dễ anh phải cố_gắng rất nhiều mà xe của anh không có chỗ để ayy thôi đi theo anh ra ngoài kia mình đi cà_phê lên trên con xe bật nhạc mình nghe tới chiều mình về nhấn lên chân ga trên cao_tốc anh chạy thật nhanh về hướng long_thành trên con mercedes màu xanh mercedes màu xanh trong cơn mưa lướt đi thật nhanh mercedes màu xanh không biết khi nào trời tạnh mercedes màu xanh đi về hướng long_thành mercedes màu xanh bên trong mercedes màu xanh điều mà anh làm được đẩy vốn công_ty lên vài chục ngàn tỉ nhưng_mà anh không_thể viết rap bày_tỏ nỗi_lòng như wowy_con tim anh chết lặng bờ vai đang rất nặng làm_sao duy_trì điều đó trán anh tăng thêm vài vết nhăn mọi người nhìn xe anh bên ngoài mỗi khi anh đi vào bên trong anh cười tươi rất thoải_mái chỉ để an_ủi ở trong lòng nhưng họ không hề biết có những điều đáng tiếc đôi_khi cũng chỉ vì stress có những đêm anh chết ở trong phòng anh mua thêm bugatti_pagani_lamborghini_danh tiếng anh tăng thêm vài bậc nhưng nói em nghe nè wowy_cái anh muốn không phải chiếc xe đó là cách anh xử_lý stress công_việc của anh áp_lực and that s why i do the best anh đã chạy xa xe anh lái không_thể quay đầu khác với người ta điều đơn_giản mà anh mong cầu ngủ ngon yên_giấc với đứa trẻ đang ở trên lầu hy_vọng sáng_mai tỉnh dậy anh biết được mình đang ở đâu thôi đi theo anh ra ngoài kia mình đi cà_phê lên trên con xe bật nhạc mình nghe tới chiều mình về nhấn lên chân ga trên cao_tốc anh chạy thật nhanh về hướng long_thành trên con mercedes màu xanh mercedes màu xanh trong cơn mưa lướt đi thật nhanh mercedes màu xanh không biết khi nào trời tạnh mercedes màu xanh đi về hướng long_thành mercedes màu xanh bên trong mercedes màu xanh mercedes màu xanh trong cơn mưa lướt đi thật nhanh mercedes màu xanh không biết khi nào trời tạnh mercedes màu xanh đi về hướng long_thành mercedes màu xanh bên trong mercedes màu xanh brother_brother_brother_brother brother_brother_it s okay okay okay it s okay okay okay,CLEAN,CLEAN
k biết s lại ghiền bài này giọng a wy nghe ấm dễ_sợ hay quá nghe đi nghe lại mà bố chửi luôn,OFFENSIVE,CLEAN
hay quá lão đại à,CLEAN,CLEAN
nhạc đơn_giản không phức_tạp nhưng nghe lại cảm_nhận được đầy_đủ cảm_xúc và nội_dung okey wowy,CLEAN,CLEAN
bài hát mặc_dù chẳng có gì liên_quan tới người nghe những vẫn khiến mình nghe đi nghe lại,CLEAN,CLEAN
khi nào ra bài tặng_di_băng nhớ thông_báo cho mn sớm nha anh ơi mãi yêu,CLEAN,CLEAN
hong có mấy người làm hẳn 1 mv cho người bạn của mình ww đã làm_nên những câu_chuyện ý_nghĩa từ những câu_chuyện của riêng mình,CLEAN,CLEAN
người khai_sinh ra trường_phái rap nịnh lão đại có khác respect thật,CLEAN,CLEAN
i love it,CLEAN,CLEAN
công_nhận nhac wowy nghe thấm,CLEAN,CLEAN
nghe rap mà cười vui thật,CLEAN,CLEAN
đeo kính để che đi ánh mắt chân_thật,CLEAN,CLEAN
thích cái câu anh theo đạo anh không nói xạo,CLEAN,CLEAN
ra thêm bài tặng đá bào đi anh_em thấy anh giỏi khoảng này quá,CLEAN,CLEAN
lão đại tình_cảm quáaaaa,CLEAN,CLEAN
wowy take it easy but people make it complicated,CLEAN,CLEAN
năm 2020 nhạc của wy hình_như có để thêm chút chất nghe nghiện kk,CLEAN,CLEAN
bài hát rap nịnh a minh nhựa mong a minh động lòng bố thí cho e nó mấy đồng r nó bỏ chất xám khạn giọng rap nịnh a,OFFENSIVE,CLEAN
brother brother brother wowy tới để gặp anh minh_tìm một ly cà_phê xe anh để trước nhà_nhà nhỏ mà xe to anh luôn sống như_vầy sao ảnh nói wy đừng có lo anh mới mua một căn kế bên để cho chiếc xe mà anh mới có anh_minh mời wy zô thăm nhà nà từ_từ cho nó thong_thả giới_thiệu wy khắp các phòng và kể về những nỗi_lòng rằng anh đã sống ra sao trước anh ở nhà thuê giờ anh mới mua được nhà có cuộc_sống mà nhiều người mê nói thiệt hay anh giỡn chơi yeah anh nói thiệt anh theo đạo không nói xạo lâu_lâu anh nhây em đừng có quạo wowy take it eazy cuộc_sống không có gì dễ anh phải cố_gắng rất nhiều mà xe của anh không có chỗ để ey thôi đi theo anh ra ngoài kia mình đi cà_phê lên trên con xe bật nhạc mình nghe tới chiều mình zề nhấn lên chân ga trên cao_tốc anh chạy thật nhanh về hướng long_thành trên con mercedes màu xanh mercedes màu xanh trong cơn mưa lướt đi thật nhanh mercedes màu xanh không biết khi nào trời tạnh mercedes màu xanh đi về hướng long_thành mercedes màu xanh bên trong mercedes màu xanh điều mà anh làm được đẩy vốn công_ty lên vài chục ngàn tỉ nhưng_mà anh không_thể viết rap bày_tỏ nỗi_lòng như wowy con tim anh chết lặng bờ vai đang rất nặng làm_sao duy_trì điều đó trán anh tăng thêm vài vết nhăn mọi người nhìn xe anh bên ngoài mỗi khi anh đi vào bên trong anh cười tươi rất thoải_mái chỉ để an_ủi ở trong lòng nhưng họ không hề biết có những điều đáng tiếc đôi_khi cũng chỉ vì stress có những đêm anh chết ở trong phòng anh mua thêm bugatti_pagani_lamborghini_danh tiếng anh tăng thêm vài bậc nhưng nói em nghe nè wowy_cái anh muốn không phải chiếc xe đó là cách anh xử_lý stress công_việc của anh áp_lực and_thats why i do the best anh đã chạy xa xe anh lái không_thể quay đầu khác với người ta điều đơn_giản mà anh mong cầu ngủ ngon yên_giấc với đứa trẻ đang ở trên lầu hy_vọng sáng_mai tỉnh dậy anh biết được mình đang ở đâu thôi đi theo anh ra ngoài kia mình đi cà_phê lên trên con xe bật nhạc mình nghe tới chiều mình zề nhấn lên chân ga trên cao_tốc anh chạy thật nhanh về hướng long_thành trên con mercedes màu xanh mercedes màu xanh trong cơn mưa lướt đi thật nhanh mercedes màu xanh không biết khi nào trời tạnh mercedes màu xanh đi về hướng long_thành mercedes màu xanh bên trong mercedes màu xanh brother_brother_brother_okay okay_okay,CLEAN,CLEAN
anh wowy rap bài nay hay và ý_nghĩa quá,CLEAN,CLEAN
hay mỗi ngày nghe 1 2 lần k chán,CLEAN,CLEAN
thề chill thực_sự,CLEAN,CLEAN
nhạc của a wowy + a đen nghe thấm,CLEAN,CLEAN
bài đỉnh thặc sự kkk,CLEAN,CLEAN
2 08 xém té nha anh_trai wowy_nhạc chất như nước_cất best_wowy,CLEAN,CLEAN
em ước gì nhiều áp_lực như anh minh_nhựa,CLEAN,CLEAN
nếu_như em có dc 1 người bạn như anh cũng muốn dc như anh mình_dc giải_toả hết những gì trong mình nhưng em ko giống như anh minh_điều em muốn nhất_là người ae như_anh,CLEAN,CLEAN
hay quá,CLEAN,CLEAN
nge hát cảm_nhận rất thật,CLEAN,CLEAN
lão đại luôn đỉnh,CLEAN,CLEAN
anh thấy em đi về phía đà_lạt hát 1 bài khá chất không hề phai_nhạt wow wy dù dòng đời phiêu_bạt cứ dừng chân nốc 1 hơi 7 up cho bớt khát rồi lại ra thêm 1 vài bản_nhạc không cần mắm hay muối nhưng vị vẫn khác và quan_trọng là em ơi đừng đi lạc kệ dòng đời nhiều thằng mặt loz phản_bác hey cho anh cái tim nào,OFFENSIVE,CLEAN
mỗi lần nghe bài này sẽ nhớ cuộc_chiến ko cân sức giưa jd vs khoa_pug_hình như wowy sắp tới mix hợp_tác với jd dizz khoa pug nhỉ anh_em đang hóng wowy bảo_vệ jd người anh thân_thiết của wowy,CLEAN,CLEAN
